FREQ;GEO;UNIT;OBJECTIV\TIME_PERIOD,2000 ,2001 ,2002 ,2003 ,2004 ,2005 ,2006 ,2007 ,2008 ,2009 ,2010 ,2011 ,2012 ,2013 ,2014 ,2015 ,2016 ,2017 
A;AT;MEUR_KP_PRE;OBJ01,0 ,0 ,0 ,0 ,0.4 ,0.1 ,18.7 ,11.9 ,37.7 ,167.1 ,96.5 ,103.1 ,114.7 ,81.5 ,73.1 ,31.7 ,23.4 ,25.9 
A;BE;MEUR_KP_PRE;OBJ01,0 ,0 ,0 ,0 ,0 ,0 ,0 ,29 ,91.2 ,76.4 ,91.7 ,81.8 ,52.4 ,68.8 ,123.1 ,69.8 ,99.1 ,131.9 
A;BG;MEUR_KP_PRE;OBJ01,0 ,0 ,0 ,0 ,0 ,0 ,0 ,0 ,0 ,14.1 ,0.4 ,6 ,10.2 ,18.7 ,126.6 ,176.5 ,64.3 ,129.1 
A;CY;MEUR_KP_PRE;OBJ01,0 ,0 ,0 ,0 ,0 ,0 ,0 ,0 ,0 ,0.8 ,8.5 ,6.7 ,5.6 ,4.2 ,2 ,1.2 ,1.6 ,0 
A;CZ;MEUR_KP_PRE;OBJ01,0 ,0 ,0 ,0 ,0 ,0 ,0 ,47.5 ,400.3 ,324.2 ,374.7 ,670.7 ,757.9 ,818.8 ,789.2 ,1053.9 ,178.5 ,254.3 
A;DE;MEUR_KP_PRE;OBJ01,0 ,0 ,0 ,0 ,0 ,0 ,0 ,1059.4 ,1884.3 ,4049.7 ,3007.3 ,2757.2 ,2743.8 ,2311.5 ,2221.4 ,150.2 ,342.1 ,961.9 
A;DK;MEUR_KP_PRE;OBJ01,0 ,0 ,0 ,0 ,0 ,0 ,0 ,0.3 ,0.3 ,0.2 ,0 ,0.8 ,0 ,0 ,0.1 ,14.9 ,14.9 ,15 
A;EE;MEUR_KP_PRE;OBJ01,0 ,0 ,0 ,0 ,0 ,0 ,0 ,0.5 ,0.6 ,1.1 ,2 ,4.8 ,7.2 ,8.8 ,32.2 ,28.8 ,3.4 ,8.6 
A;EL;MEUR_KP_PRE;OBJ01,0 ,0 ,0 ,0 ,0 ,0 ,0 ,0 ,64.8 ,141.8 ,136.6 ,354.2 ,210.4 ,300.1 ,275.8 ,207.1 ,151.9 ,182.5 
A;ES;MEUR_KP_PRE;OBJ01,0 ,0 ,0 ,0 ,0 ,103 ,113.2 ,416.9 ,396.5 ,550.3 ,522.6 ,446.5 ,275.1 ,231 ,268.9 ,318.7 ,219.1 ,194.1 
A;EU28;MEUR_KP_PRE;OBJ01,0 ,0 ,0 ,0 ,0.4 ,103.1 ,181.1 ,2437 ,4168.1 ,7081.9 ,6466 ,6219.3 ,6017.4 ,6065.1 ,9990.5 ,7432.2 ,6934.4 ,8124.8 
A;FI;MEUR_KP_PRE;OBJ01,0 ,0 ,0 ,0 ,0 ,0 ,0 ,39 ,48.7 ,31.1 ,38 ,45.9 ,42.8 ,45.9 ,53 ,63.3 ,72.1 ,65 
A;FR;MEUR_KP_PRE;OBJ01,0 ,0 ,0 ,0 ,0 ,0 ,0 ,136.3 ,283.8 ,279.9 ,236.2 ,193.1 ,201.6 ,273.8 ,1998.1 ,2627.9 ,2593.9 ,2168.9 
A;HR;MEUR_KP_PRE;OBJ01,0 ,0 ,0 ,0 ,0 ,0 ,0 ,0 ,0 ,0 ,0 ,0 ,0 ,15.8 ,87.3 ,13.9 ,91.7 ,162.4 
A;HU;MEUR_KP_PRE;OBJ01,0 ,0 ,0 ,0 ,0 ,0 ,49.2 ,113 ,254.9 ,302.1 ,220.7 ,150.5 ,133.3 ,168.5 ,740.6 ,426.5 ,748.5 ,740.1 
A;IE;MEUR_KP_PRE;OBJ01,0 ,0 ,0 ,0 ,0 ,0 ,0 ,8.6 ,7.5 ,17.2 ,40.7 ,19.7 ,41.4 ,376.6 ,35.3 ,52.3 ,54.2 ,46.1 
A;IT;MEUR_KP_PRE;OBJ01,0 ,0 ,0 ,0 ,0 ,0 ,0 ,0 ,8 ,341.5 ,523.5 ,400.1 ,433.6 ,199.7 ,401.2 ,296.5 ,337.1 ,445.9 
A;LT;MEUR_KP_PRE;OBJ01,0 ,0 ,0 ,0 ,0 ,0 ,0 ,1.8 ,2.1 ,26.4 ,28.5 ,51.2 ,52 ,38.1 ,15.3 ,84 ,18.2 ,42.3 
A;LU;MEUR_KP_PRE;OBJ01,0 ,0 ,0 ,0 ,0 ,0 ,0 ,0 ,0 ,0 ,0 ,5.4 ,1.5 ,26.2 ,5.8 ,0 ,0 ,0 
A;LV;MEUR_KP_PRE;OBJ01,0 ,0 ,0 ,0 ,0 ,0 ,0 ,5.8 ,3.6 ,7.7 ,10.6 ,8.7 ,12.3 ,17.2 ,114.2 ,76.9 ,40.8 ,10.6 
A;MT;MEUR_KP_PRE;OBJ01,0 ,0 ,0 ,0 ,0 ,0 ,0 ,0 ,0 ,11.7 ,12.9 ,17 ,16 ,19.6 ,22.7 ,10.4 ,13.5 ,32.7 
A;NL;MEUR_KP_PRE;OBJ01,0 ,0 ,0 ,0 ,0 ,0 ,0 ,32.1 ,15.8 ,11.4 ,11.3 ,11.5 ,14.1 ,5.3 ,2.5 ,3.7 ,3.4 ,2.9 
A;PL;MEUR_KP_PRE;OBJ01,0 ,0 ,0 ,0 ,0 ,0 ,0 ,21.8 ,146.6 ,235.8 ,355.9 ,210 ,310.7 ,467.5 ,1397.8 ,315.5 ,940 ,1625.3 
A;PT;MEUR_KP_PRE;OBJ01,0 ,0 ,0 ,0 ,0 ,0 ,0 ,10.3 ,35.2 ,38.5 ,45.3 ,58.2 ,66.3 ,54.3 ,299.7 ,479.1 ,351.3 ,503.5 
A;RO;MEUR_KP_PRE;OBJ01,0 ,0 ,0 ,0 ,0 ,0 ,0 ,1 ,31.3 ,39.9 ,72.3 ,110.7 ,87.7 ,115.9 ,322.8 ,375 ,182.9 ,58.9 
A;SE;MEUR_KP_PRE;OBJ01,0 ,0 ,0 ,0 ,0 ,0 ,0 ,65.6 ,51.6 ,49.1 ,45.7 ,46.3 ,27 ,31.6 ,32.1 ,66.2 ,70.4 ,71.7 
A;SI;MEUR_KP_PRE;OBJ01,0 ,0 ,0 ,0 ,0 ,0 ,0 ,5.1 ,74 ,88.5 ,84.5 ,127.1 ,91.3 ,47.6 ,66.8 ,28.4 ,22 ,21 
A;SK;MEUR_KP_PRE;OBJ01,0 ,0 ,0 ,0 ,0 ,0 ,0 ,0.3 ,7.5 ,26.2 ,33.2 ,36 ,46.8 ,57.9 ,96.3 ,205.4 ,164 ,62.6 
A;UK;MEUR_KP_PRE;OBJ01,0 ,0 ,0 ,0 ,0 ,0 ,0 ,431 ,321.8 ,249.5 ,466.3 ,296.1 ,261.6 ,260.2 ,386.4 ,254.3 ,132 ,161.7 
A;AT;MEUR_KP_PRE;OBJ02,0 ,0 ,0 ,0 ,0 ,0 ,0 ,0 ,0 ,0 ,0 ,0 ,0 ,0 ,0 ,0 ,0 ,0 
A;BE;MEUR_KP_PRE;OBJ02,0 ,0 ,0 ,0 ,0 ,0 ,0 ,0 ,0 ,0 ,0 ,0 ,0 ,0 ,0 ,0 ,0 ,0 
A;BG;MEUR_KP_PRE;OBJ02,0 ,0 ,0 ,0 ,0 ,0 ,0 ,0 ,0 ,0 ,0 ,0 ,0 ,0 ,0 ,0 ,0 ,0 
A;CY;MEUR_KP_PRE;OBJ02,0 ,0 ,0 ,0 ,0 ,0 ,0 ,0 ,0 ,0 ,0 ,0 ,0 ,0 ,0 ,0 ,0 ,0 
A;CZ;MEUR_KP_PRE;OBJ02,0 ,0 ,0 ,0 ,0 ,0 ,0 ,0 ,0 ,0 ,0 ,0 ,0 ,0 ,0 ,0 ,0 ,0 
A;DE;MEUR_KP_PRE;OBJ02,0 ,0 ,0 ,0 ,0 ,0 ,0 ,0 ,0 ,0 ,0 ,0 ,0 ,0 ,0 ,0 ,0 ,0 
A;DK;MEUR_KP_PRE;OBJ02,0 ,0 ,0 ,0 ,0 ,0 ,0 ,0 ,0 ,0 ,0 ,0 ,0 ,0 ,0 ,0 ,0 ,0 
A;EE;MEUR_KP_PRE;OBJ02,0 ,0 ,0 ,0 ,0 ,0 ,0 ,0 ,0 ,0 ,0 ,0 ,0 ,0 ,0 ,0 ,0 ,0 
A;EL;MEUR_KP_PRE;OBJ02,0 ,0 ,0 ,0 ,0 ,0 ,0 ,0 ,0 ,0 ,0 ,0 ,0 ,0 ,0 ,0 ,0 ,0 
A;ES;MEUR_KP_PRE;OBJ02,0 ,0 ,0 ,0 ,0 ,0 ,0 ,0 ,0 ,0 ,0 ,0 ,0 ,0 ,0 ,0 ,0 ,0 
A;EU28;MEUR_KP_PRE;OBJ02,0 ,0 ,0 ,0 ,0 ,0 ,0 ,0 ,0 ,0 ,0 ,0 ,0 ,0 ,0 ,0 ,0 ,0 
A;FI;MEUR_KP_PRE;OBJ02,0 ,0 ,0 ,0 ,0 ,0 ,0 ,0 ,0 ,0 ,0 ,0 ,0 ,0 ,0 ,0 ,0 ,0 
A;FR;MEUR_KP_PRE;OBJ02,0 ,0 ,0 ,0 ,0 ,0 ,0 ,0 ,0 ,0 ,0 ,0 ,0 ,0 ,0 ,0 ,0 ,0 
A;HR;MEUR_KP_PRE;OBJ02,0 ,0 ,0 ,0 ,0 ,0 ,0 ,0 ,0 ,0 ,0 ,0 ,0 ,0 ,0 ,0 ,0 ,0 
A;HU;MEUR_KP_PRE;OBJ02,0 ,0 ,0 ,0 ,0 ,0 ,0 ,0 ,0 ,0 ,0 ,0 ,0 ,0 ,0 ,0 ,0 ,0 
A;IE;MEUR_KP_PRE;OBJ02,0 ,0 ,0 ,0 ,0 ,0 ,0 ,0 ,0 ,0 ,0 ,0 ,0 ,0 ,0 ,0 ,0 ,0 
A;IT;MEUR_KP_PRE;OBJ02,0 ,0 ,0 ,0 ,0 ,0 ,0 ,0 ,0 ,0 ,0 ,0 ,0 ,0 ,0 ,0 ,0 ,0 
A;LT;MEUR_KP_PRE;OBJ02,0 ,0 ,0 ,0 ,0 ,0 ,0 ,0 ,0 ,0 ,0 ,0 ,0 ,0 ,0 ,0 ,0 ,0 
A;LU;MEUR_KP_PRE;OBJ02,0 ,0 ,0 ,0 ,0 ,0 ,0 ,0 ,0 ,0 ,0 ,0 ,0 ,0 ,0 ,0 ,0 ,0 
A;LV;MEUR_KP_PRE;OBJ02,0 ,0 ,0 ,0 ,0 ,0 ,0 ,0 ,0 ,0 ,0 ,0 ,0 ,0 ,0 ,0 ,0 ,0 
A;MT;MEUR_KP_PRE;OBJ02,0 ,0 ,0 ,0 ,0 ,0 ,0 ,0 ,0 ,0 ,0 ,0 ,0 ,0 ,0 ,0 ,0 ,0 
A;NL;MEUR_KP_PRE;OBJ02,0 ,0 ,0 ,0 ,0 ,0 ,0 ,0 ,0 ,0 ,0 ,0 ,0 ,0 ,0 ,0 ,0 ,0 
A;PL;MEUR_KP_PRE;OBJ02,0 ,0 ,0 ,0 ,0 ,0 ,0 ,0 ,0 ,0 ,0 ,0 ,0 ,0 ,0 ,0 ,0 ,0 
A;PT;MEUR_KP_PRE;OBJ02,0 ,0 ,0 ,0 ,0 ,0 ,0 ,0 ,0 ,0 ,0 ,0 ,0 ,0 ,0 ,0 ,0 ,0 
A;RO;MEUR_KP_PRE;OBJ02,0 ,0 ,0 ,0 ,0 ,0 ,0 ,0 ,0 ,0 ,0 ,0 ,0 ,0 ,0 ,0 ,0 ,0 
A;SE;MEUR_KP_PRE;OBJ02,0 ,0 ,0 ,0 ,0 ,0 ,0 ,0 ,0 ,0 ,0 ,0 ,0 ,0 ,0 ,0 ,0 ,0 
A;SI;MEUR_KP_PRE;OBJ02,0 ,0 ,0 ,0 ,0 ,0 ,0 ,0 ,0 ,0 ,0 ,0 ,0 ,0 ,0 ,0 ,0 ,0 
A;SK;MEUR_KP_PRE;OBJ02,0 ,0 ,0 ,0 ,0 ,0 ,0 ,0 ,0 ,0 ,0 ,0 ,0 ,0 ,0 ,0 ,0 ,0 
A;UK;MEUR_KP_PRE;OBJ02,0 ,0 ,0 ,0 ,0 ,0 ,0 ,0 ,0 ,0 ,0 ,0 ,0 ,0 ,0 ,0 ,0 ,0 
A;AT;MEUR_KP_PRE;OBJ03,0 ,0 ,0 ,0 ,0 ,0 ,0 ,0 ,0.2 ,88.6 ,101.1 ,510.9 ,525.9 ,456.5 ,56.4 ,527.6 ,526.4 ,526 
A;BE;MEUR_KP_PRE;OBJ03,0 ,0 ,0 ,0 ,0 ,0 ,0 ,0 ,0 ,144.8 ,156.4 ,51.1 ,25.8 ,57.4 ,70.8 ,25.2 ,33.4 ,40.9 
A;BG;MEUR_KP_PRE;OBJ03,0 ,0 ,0 ,0 ,0 ,0 ,0 ,0 ,0 ,0 ,0 ,0 ,0 ,0 ,0 ,0 ,36.2 ,42.9 
A;CY;MEUR_KP_PRE;OBJ03,0 ,0 ,0 ,0 ,0 ,0 ,0 ,0 ,0 ,0 ,0 ,0 ,0 ,0 ,0 ,0 ,0 ,0 
A;CZ;MEUR_KP_PRE;OBJ03,0 ,0 ,0 ,0 ,0 ,0 ,0 ,0 ,0.1 ,0 ,14.1 ,18.1 ,19.5 ,26.3 ,27.4 ,39.5 ,35.5 ,125.6 
A;DE;MEUR_KP_PRE;OBJ03,0 ,0 ,0 ,0 ,0 ,0 ,0 ,0 ,0.7 ,196.4 ,196 ,2922.5 ,3553.2 ,4083.3 ,4245.4 ,4098.9 ,4288.1 ,4362.6 
A;DK;MEUR_KP_PRE;OBJ03,0 ,0 ,0 ,0 ,0 ,0 ,0 ,0 ,0 ,5.6 ,4.7 ,13 ,78 ,80.5 ,67.5 ,896.6 ,2066.7 ,2203.9 
A;EE;MEUR_KP_PRE;OBJ03,0 ,0 ,0 ,0 ,0 ,0 ,0 ,0 ,0 ,0 ,0 ,0.7 ,7.1 ,3.2 ,1.5 ,37 ,48.8 ,66.6 
A;EL;MEUR_KP_PRE;OBJ03,0 ,0 ,0 ,0 ,0 ,0 ,0 ,0 ,0 ,0 ,0 ,0 ,0 ,0 ,0 ,0 ,0 ,1.3 
A;ES;MEUR_KP_PRE;OBJ03,0 ,0 ,0 ,0 ,0 ,0 ,0 ,1 ,1.7 ,176.2 ,79.4 ,64.2 ,10.8 ,22.9 ,54.7 ,25.1 ,357.8 ,80.6 
A;EU28;MEUR_KP_PRE;OBJ03,0 ,0 ,0.3 ,0.4 ,0.1 ,0 ,0 ,1 ,4.9 ,651.5 ,680 ,5027.3 ,7414.4 ,8030.5 ,7695.5 ,10455 ,13093.5 ,13867 
A;FI;MEUR_KP_PRE;OBJ03,0 ,0 ,0 ,0 ,0 ,0 ,0 ,0 ,0 ,0 ,0.3 ,454.7 ,532 ,633.7 ,812.7 ,881.2 ,998.9 ,1040.4 
A;FR;MEUR_KP_PRE;OBJ03,0 ,0 ,0 ,0 ,0 ,0 ,0 ,0 ,2.3 ,27.3 ,19.9 ,22 ,56.7 ,25.8 ,23.1 ,1189.5 ,1366.3 ,1584.4 
A;HR;MEUR_KP_PRE;OBJ03,0 ,0 ,0 ,0 ,0 ,0 ,0 ,0 ,0 ,0 ,0 ,0 ,0 ,0 ,8.2 ,6 ,8.5 ,10.9 
A;HU;MEUR_KP_PRE;OBJ03,0 ,0 ,0 ,0 ,0 ,0 ,0 ,0 ,0 ,0 ,0 ,0 ,38.5 ,43.6 ,39.2 ,64.5 ,31.7 ,146.1 
A;IE;MEUR_KP_PRE;OBJ03,0 ,0 ,0 ,0 ,0 ,0 ,0 ,0 ,0 ,4.8 ,9.2 ,14.7 ,12.9 ,12.3 ,40.6 ,13.7 ,2.4 ,28.6 
A;IT;MEUR_KP_PRE;OBJ03,0 ,0 ,0 ,0 ,0 ,0 ,0 ,0 ,0 ,0.3 ,6 ,16 ,40.7 ,30 ,69.9 ,4.7 ,20.4 ,65.4 
A;LT;MEUR_KP_PRE;OBJ03,0 ,0 ,0 ,0 ,0 ,0 ,0 ,0 ,0 ,0 ,0 ,0 ,0 ,0 ,0 ,85 ,96.5 ,113.7 
A;LU;MEUR_KP_PRE;OBJ03,0 ,0 ,0 ,0 ,0 ,0 ,0 ,0 ,0 ,0 ,0.9 ,24.7 ,6.7 ,3.4 ,10 ,26 ,20.8 ,0.7 
A;LV;MEUR_KP_PRE;OBJ03,0 ,0 ,0 ,0 ,0 ,0 ,0 ,0 ,0 ,0 ,0 ,6.7 ,12.2 ,10.3 ,15.4 ,37.4 ,39.9 ,36.2 
A;MT;MEUR_KP_PRE;OBJ03,0 ,0 ,0 ,0 ,0 ,0 ,0 ,0 ,0 ,0 ,0 ,0 ,0 ,0 ,0 ,0 ,0.1 ,0.7 
A;NL;MEUR_KP_PRE;OBJ03,0 ,0 ,0 ,0 ,0 ,0 ,0 ,0 ,0 ,3.7 ,2.5 ,17.4 ,31.9 ,41.9 ,89.1 ,36.8 ,78.3 ,92 
A;PL;MEUR_KP_PRE;OBJ03,0 ,0 ,0 ,0 ,0 ,0 ,0 ,0 ,0 ,2.4 ,1.7 ,2.9 ,5.4 ,3.8 ,2.9 ,194.4 ,264.8 ,814.4 
A;PT;MEUR_KP_PRE;OBJ03,0 ,0 ,0 ,0 ,0 ,0 ,0 ,0 ,0 ,0 ,2.3 ,2.4 ,9.4 ,0 ,0.2 ,0 ,0 ,0.1 
A;RO;MEUR_KP_PRE;OBJ03,0 ,0 ,0 ,0 ,0 ,0 ,0 ,0 ,0 ,0 ,0 ,0 ,0 ,3.1 ,0 ,88.9 ,149.3 ,126.9 
A;SE;MEUR_KP_PRE;OBJ03,0 ,0 ,0 ,0 ,0 ,0 ,0 ,0 ,0 ,0 ,3.5 ,574.5 ,2180.6 ,2241.4 ,2014 ,1965.1 ,2168.3 ,1923.9 
A;SI;MEUR_KP_PRE;OBJ03,0 ,0 ,0 ,0 ,0 ,0 ,0 ,0 ,0 ,0 ,0 ,0.1 ,0.2 ,15.2 ,25.7 ,28 ,22.7 ,19.1 
A;SK;MEUR_KP_PRE;OBJ03,0 ,0 ,0 ,0 ,0 ,0 ,0 ,0 ,0 ,0 ,0 ,0 ,0 ,0.5 ,3.5 ,8.4 ,2.7 ,0.2 
A;UK;MEUR_KP_PRE;OBJ03,0 ,0 ,0.3 ,0.4 ,0.1 ,0 ,0 ,0 ,0 ,1.4 ,82.1 ,310.6 ,267.1 ,235.2 ,17.3 ,175.6 ,428.9 ,412.9 
A;AT;MEUR_KP_PRE;OBJ04,0 ,0 ,0 ,0 ,0 ,0 ,0 ,0 ,0 ,0 ,0 ,0 ,0 ,0 ,0 ,0 ,0 ,0 
A;BE;MEUR_KP_PRE;OBJ04,0 ,0 ,0 ,0 ,0 ,0 ,0 ,0 ,0 ,0 ,0 ,0 ,0 ,0 ,0 ,0 ,0 ,0 
A;BG;MEUR_KP_PRE;OBJ04,0 ,0 ,0 ,0 ,0 ,0 ,0 ,0 ,0 ,0 ,0 ,0 ,0 ,0 ,0 ,0 ,0 ,0 
A;CY;MEUR_KP_PRE;OBJ04,0 ,0 ,0 ,0 ,0 ,0 ,0 ,0 ,0 ,0 ,0 ,0 ,0 ,0 ,0 ,0 ,0 ,0 
A;CZ;MEUR_KP_PRE;OBJ04,0 ,0 ,0 ,0 ,0 ,0 ,0 ,0 ,0 ,0 ,0 ,0 ,0 ,0 ,0 ,0 ,0 ,0 
A;DE;MEUR_KP_PRE;OBJ04,0 ,0 ,0 ,0 ,0 ,0 ,0 ,0 ,0 ,0 ,0 ,0 ,0 ,0 ,0 ,0 ,0 ,0 
A;DK;MEUR_KP_PRE;OBJ04,0 ,0 ,0 ,0 ,0 ,0 ,0 ,0 ,0 ,0 ,0 ,0 ,0 ,0 ,0 ,0 ,0 ,0 
A;EE;MEUR_KP_PRE;OBJ04,0 ,0 ,0 ,0 ,0 ,0 ,0 ,0 ,0 ,0 ,0 ,0 ,0 ,0 ,0 ,0 ,0 ,0 
A;EL;MEUR_KP_PRE;OBJ04,0 ,0 ,0 ,0 ,0 ,0 ,0 ,0 ,0 ,0 ,0 ,0 ,0 ,0 ,0 ,0 ,0 ,0 
A;ES;MEUR_KP_PRE;OBJ04,0 ,0 ,0 ,0 ,0 ,0 ,0 ,0 ,0 ,0 ,0 ,0 ,0 ,0 ,0 ,0 ,0 ,0 
A;EU28;MEUR_KP_PRE;OBJ04,0 ,0 ,0 ,0 ,0 ,0 ,0 ,0 ,0 ,0 ,0 ,0 ,0 ,0 ,0 ,0 ,0 ,0 
A;FI;MEUR_KP_PRE;OBJ04,0 ,0 ,0 ,0 ,0 ,0 ,0 ,0 ,0 ,0 ,0 ,0 ,0 ,0 ,0 ,0 ,0 ,0 
A;FR;MEUR_KP_PRE;OBJ04,0 ,0 ,0 ,0 ,0 ,0 ,0 ,0 ,0 ,0 ,0 ,0 ,0 ,0 ,0 ,0 ,0 ,0 
A;HR;MEUR_KP_PRE;OBJ04,0 ,0 ,0 ,0 ,0 ,0 ,0 ,0 ,0 ,0 ,0 ,0 ,0 ,0 ,0 ,0 ,0 ,0 
A;HU;MEUR_KP_PRE;OBJ04,0 ,0 ,0 ,0 ,0 ,0 ,0 ,0 ,0 ,0 ,0 ,0 ,0 ,0 ,0 ,0 ,0 ,0 
A;IE;MEUR_KP_PRE;OBJ04,0 ,0 ,0 ,0 ,0 ,0 ,0 ,0 ,0 ,0 ,0 ,0 ,0 ,0 ,0 ,0 ,0 ,0 
A;IT;MEUR_KP_PRE;OBJ04,0 ,0 ,0 ,0 ,0 ,0 ,0 ,0 ,0 ,0 ,0 ,0 ,0 ,0 ,0 ,0 ,0 ,0 
A;LT;MEUR_KP_PRE;OBJ04,0 ,0 ,0 ,0 ,0 ,0 ,0 ,0 ,0 ,0 ,0 ,0 ,0 ,0 ,0 ,0 ,0 ,0 
A;LU;MEUR_KP_PRE;OBJ04,0 ,0 ,0 ,0 ,0 ,0 ,0 ,0 ,0 ,0 ,0 ,0 ,0 ,0 ,0 ,0 ,0 ,0 
A;LV;MEUR_KP_PRE;OBJ04,0 ,0 ,0 ,0 ,0 ,0 ,0 ,0 ,0 ,0 ,0 ,0 ,0 ,0 ,0 ,0 ,0 ,0 
A;MT;MEUR_KP_PRE;OBJ04,0 ,0 ,0 ,0 ,0 ,0 ,0 ,0 ,0 ,0 ,0 ,0 ,0 ,0 ,0 ,0 ,0 ,0 
A;NL;MEUR_KP_PRE;OBJ04,0 ,0 ,0 ,0 ,0 ,0 ,0 ,0 ,0 ,0 ,0 ,0 ,0 ,0 ,0 ,0 ,0 ,0 
A;PL;MEUR_KP_PRE;OBJ04,0 ,0 ,0 ,0 ,0 ,0 ,0 ,0 ,0 ,0 ,0 ,0 ,0 ,0 ,0 ,0 ,0 ,0 
A;PT;MEUR_KP_PRE;OBJ04,0 ,0 ,0 ,0 ,0 ,0 ,0 ,0 ,0 ,0 ,0 ,0 ,0 ,0 ,0 ,0 ,0 ,0 
A;RO;MEUR_KP_PRE;OBJ04,0 ,0 ,0 ,0 ,0 ,0 ,0 ,0 ,0 ,0 ,0 ,0 ,0 ,0 ,0 ,0 ,0 ,0 
A;SE;MEUR_KP_PRE;OBJ04,0 ,0 ,0 ,0 ,0 ,0 ,0 ,0 ,0 ,0 ,0 ,0 ,0 ,0 ,0 ,0 ,0 ,0 
A;SI;MEUR_KP_PRE;OBJ04,0 ,0 ,0 ,0 ,0 ,0 ,0 ,0 ,0 ,0 ,0 ,0 ,0 ,0 ,0 ,0 ,0 ,0 
A;SK;MEUR_KP_PRE;OBJ04,0 ,0 ,0 ,0 ,0 ,0 ,0 ,0 ,0 ,0 ,0 ,0 ,0 ,0 ,0 ,0 ,0 ,0 
A;UK;MEUR_KP_PRE;OBJ04,0 ,0 ,0 ,0 ,0 ,0 ,0 ,0 ,0 ,0 ,0 ,0 ,0 ,0 ,0 ,0 ,0 ,0 
A;AT;MEUR_KP_PRE;OBJ05,0 ,0 ,0 ,0 ,0 ,0 ,0 ,0 ,0 ,0 ,0 ,0 ,0 ,0.4 ,2.6 ,2 ,0.1 ,0 
A;BE;MEUR_KP_PRE;OBJ05,0 ,0 ,0 ,0 ,0 ,8.8 ,12.8 ,21.9 ,24.3 ,87.7 ,103.8 ,102.1 ,110.6 ,120.8 ,137.5 ,134.8 ,130.4 ,118.9 
A;BG;MEUR_KP_PRE;OBJ05,0 ,0 ,0 ,0 ,0 ,0 ,0 ,0 ,0 ,0 ,3.5 ,0 ,7.8 ,9.5 ,1.7 ,0 ,0 ,0.7 
A;CY;MEUR_KP_PRE;OBJ05,0 ,0 ,0 ,0 ,0 ,0 ,0 ,1.1 ,1 ,0.1 ,0.1 ,0.3 ,0.5 ,0.2 ,0 ,0 ,0 ,0 
A;CZ;MEUR_KP_PRE;OBJ05,0 ,0 ,0 ,0 ,0 ,0 ,2.1 ,0 ,0 ,0 ,0 ,0.1 ,0 ,0.1 ,0 ,0 ,0 ,0.1 
A;DE;MEUR_KP_PRE;OBJ05,0 ,0 ,0 ,8.4 ,26 ,14.9 ,12.4 ,15.6 ,4.8 ,6.1 ,7.1 ,10.4 ,3.2 ,0.4 ,0.4 ,0.1 ,0 ,0 
A;DK;MEUR_KP_PRE;OBJ05,0 ,0 ,0 ,0 ,0 ,0 ,0 ,0 ,0 ,0 ,98.3 ,154.3 ,133.2 ,148.2 ,118.6 ,96.1 ,104 ,102.2 
A;EE;MEUR_KP_PRE;OBJ05,0 ,0 ,0 ,0 ,0 ,0.1 ,0.3 ,0.3 ,0.1 ,0.1 ,0.1 ,0 ,0.1 ,3.3 ,1.9 ,0 ,0.1 ,0.1 
A;EL;MEUR_KP_PRE;OBJ05,0 ,0 ,0 ,0 ,19.4 ,55.8 ,17.2 ,1.2 ,0 ,0 ,0 ,0 ,0 ,0 ,3.2 ,20.2 ,1.3 ,8.4 
A;ES;MEUR_KP_PRE;OBJ05,0 ,0 ,0 ,0 ,0.4 ,0.4 ,3.7 ,6.9 ,6.2 ,24.7 ,41.9 ,35.3 ,33 ,50.6 ,43.9 ,63.1 ,47.7 ,58.5 
A;EU28;MEUR_KP_PRE;OBJ05,0 ,0 ,0 ,15.5 ,170 ,421 ,595 ,745.3 ,1583.3 ,1195.4 ,1377.8 ,1327.7 ,1466.8 ,1635.6 ,1657 ,1612.8 ,1436.2 ,1733.2 
A;FI;MEUR_KP_PRE;OBJ05,0 ,0 ,0 ,0 ,0 ,0 ,0 ,0 ,0 ,0 ,11.8 ,41.1 ,48.4 ,52.7 ,65.8 ,52.2 ,43.1 ,54 
A;FR;MEUR_KP_PRE;OBJ05,0 ,0 ,0 ,0 ,0 ,2.2 ,2.2 ,20.5 ,16.5 ,2.9 ,3.6 ,1.4 ,1.6 ,2.5 ,5.9 ,6.5 ,3.7 ,3.8 
A;HR;MEUR_KP_PRE;OBJ05,0 ,0 ,0 ,0 ,0 ,0 ,0 ,0 ,0 ,0 ,0 ,0 ,0 ,0 ,3.6 ,3.9 ,3.9 ,4 
A;HU;MEUR_KP_PRE;OBJ05,0 ,0 ,0 ,0 ,7.5 ,3.8 ,42.6 ,115.4 ,609 ,202.8 ,178 ,168.4 ,167.3 ,130.5 ,36.5 ,113.1 ,117.8 ,130.1 
A;IE;MEUR_KP_PRE;OBJ05,0 ,0 ,0 ,0 ,0 ,0 ,0 ,0 ,0 ,0 ,0 ,0 ,0 ,0 ,0 ,0 ,0 ,0 
A;IT;MEUR_KP_PRE;OBJ05,0 ,0 ,0 ,2.9 ,9.8 ,5.6 ,7.9 ,7.7 ,116 ,211.8 ,162.3 ,78 ,100.8 ,161.4 ,283.8 ,282.3 ,167.1 ,354.3 
A;LT;MEUR_KP_PRE;OBJ05,0 ,0 ,0 ,0 ,0 ,1.6 ,2.9 ,4 ,6 ,6 ,7 ,9.1 ,10.6 ,12.7 ,15.6 ,17.8 ,12.8 ,28.9 
A;LU;MEUR_KP_PRE;OBJ05,0 ,0 ,0 ,0 ,0 ,0 ,0 ,0 ,0 ,0 ,0 ,0 ,0 ,0 ,0 ,0 ,0 ,0 
A;LV;MEUR_KP_PRE;OBJ05,0 ,0 ,0 ,0 ,0 ,0 ,0 ,0 ,0.3 ,0.8 ,0.9 ,1.9 ,0.7 ,1.2 ,2.2 ,0 ,0 ,0 
A;MT;MEUR_KP_PRE;OBJ05,0 ,0 ,0 ,0 ,0 ,0 ,0 ,0.2 ,0 ,0 ,0 ,6.2 ,6.6 ,0 ,4.3 ,0.6 ,3.2 ,2.8 
A;NL;MEUR_KP_PRE;OBJ05,0 ,0 ,0 ,0 ,0 ,0.1 ,45.2 ,40 ,45.4 ,0 ,0 ,0 ,0 ,0 ,1.9 ,0.2 ,0.3 ,0.2 
A;PL;MEUR_KP_PRE;OBJ05,0 ,0 ,0 ,0 ,101 ,304.8 ,418.1 ,483.1 ,747.2 ,627.6 ,720.7 ,669.7 ,713.7 ,773.8 ,724.6 ,695.4 ,680.8 ,747 
A;PT;MEUR_KP_PRE;OBJ05,0 ,0 ,0 ,0 ,0 ,0 ,0 ,0 ,0 ,0 ,2.3 ,26.5 ,43.4 ,43 ,22.2 ,14.2 ,13.5 ,0.8 
A;RO;MEUR_KP_PRE;OBJ05,0 ,0 ,0 ,0 ,0 ,0 ,0 ,0 ,0 ,0 ,0 ,0.1 ,0.2 ,0 ,0 ,0 ,0 ,0 
A;SE;MEUR_KP_PRE;OBJ05,0 ,0 ,0 ,0 ,0 ,4.6 ,4.9 ,3 ,2.2 ,1.6 ,1.5 ,1.3 ,0.7 ,0.1 ,0.2 ,0 ,6.3 ,6.7 
A;SI;MEUR_KP_PRE;OBJ05,0 ,0 ,0 ,0 ,0 ,0 ,0 ,3.3 ,1.4 ,12.5 ,17.5 ,13.4 ,79.5 ,96.9 ,109.7 ,89.2 ,89.8 ,98.5 
A;SK;MEUR_KP_PRE;OBJ05,0 ,0 ,0 ,0 ,0 ,0.9 ,1.4 ,4.1 ,0.7 ,0.1 ,0 ,0.1 ,0.2 ,1.1 ,1.4 ,0.5 ,0.5 ,0.6 
A;UK;MEUR_KP_PRE;OBJ05,0 ,0 ,0 ,4.2 ,5.9 ,17.3 ,21.3 ,17 ,2.4 ,10.6 ,17.3 ,7.9 ,4.9 ,25.9 ,69.4 ,20.5 ,10 ,12.8 
A;AT;MEUR_KP_PRE;OBJ06,0 ,0 ,47 ,31.3 ,4 ,36 ,37 ,5.3 ,16.2 ,25.5 ,30.3 ,28.6 ,28.2 ,26.7 ,26 ,5 ,12.7 ,10.6 
A;BE;MEUR_KP_PRE;OBJ06,0 ,0 ,22.8 ,11.5 ,43.1 ,40.6 ,21.5 ,23.6 ,44.7 ,58.1 ,41.3 ,48.2 ,37.2 ,44.4 ,30.6 ,31.9 ,46.6 ,45.3 
A;BG;MEUR_KP_PRE;OBJ06,0 ,0 ,0 ,0 ,0 ,0 ,0 ,0.6 ,0.1 ,0.1 ,0.9 ,0.1 ,0 ,0 ,0 ,0 ,0 ,0 
A;CY;MEUR_KP_PRE;OBJ06,0 ,0 ,0 ,0 ,0 ,0 ,0 ,1.7 ,7.6 ,7.7 ,10.7 ,17.5 ,19.3 ,13.5 ,8.4 ,6.8 ,0.4 ,0.3 
A;CZ;MEUR_KP_PRE;OBJ06,0 ,0 ,0 ,0 ,0 ,0 ,0 ,10.3 ,3.7 ,10.5 ,12.2 ,6.1 ,6 ,1.8 ,2.7 ,0.5 ,0.4 ,1.1 
A;DE;MEUR_KP_PRE;OBJ06,7.1 ,17.2 ,36.5 ,45.7 ,65.1 ,61.2 ,62.7 ,79.9 ,66.6 ,104.9 ,130.2 ,156.1 ,170.2 ,156.6 ,155.7 ,115.1 ,64.2 ,61.9 
A;DK;MEUR_KP_PRE;OBJ06,0 ,4 ,0 ,0 ,0 ,0 ,0 ,0.2 ,3.4 ,7.2 ,4.7 ,8.1 ,4.7 ,2.5 ,2.4 ,10.3 ,3.3 ,2.7 
A;EE;MEUR_KP_PRE;OBJ06,0 ,0 ,0 ,0 ,0 ,0.3 ,0.8 ,1 ,0.7 ,0.1 ,0 ,0 ,0 ,0 ,0 ,0.9 ,0 ,0 
A;EL;MEUR_KP_PRE;OBJ06,0 ,0 ,0 ,0 ,0 ,0 ,0 ,0.1 ,1.1 ,0.3 ,0 ,0 ,0 ,0 ,0.2 ,0.2 ,0 ,0 
A;ES;MEUR_KP_PRE;OBJ06,0 ,215.5 ,200.2 ,126.3 ,24.1 ,34.5 ,63.8 ,39.6 ,59.5 ,108.2 ,52.3 ,42.9 ,3.9 ,5.5 ,3.4 ,6.2 ,5.9 ,6.7 
A;EU28;MEUR_KP_PRE;OBJ06,7.1 ,365 ,475.3 ,559 ,795.9 ,526.4 ,638.8 ,563.6 ,805.2 ,863.4 ,722.4 ,817.4 ,1022.2 ,746.9 ,556.6 ,750.7 ,471.4 ,522.2 
A;FI;MEUR_KP_PRE;OBJ06,0 ,0 ,0 ,0 ,0 ,0 ,0 ,10.3 ,10.3 ,15.1 ,26.1 ,28.7 ,7.4 ,7.7 ,6.5 ,3.8 ,2.7 ,3 
A;FR;MEUR_KP_PRE;OBJ06,0 ,0 ,0 ,0.7 ,8.1 ,0 ,0 ,50.1 ,7.1 ,42 ,7.9 ,23.2 ,7.8 ,9.9 ,12 ,89.5 ,41.7 ,27.7 
A;HR;MEUR_KP_PRE;OBJ06,0 ,0 ,0 ,0 ,0 ,0 ,0 ,0 ,0 ,0 ,0 ,0 ,0 ,0 ,0 ,26.8 ,22.3 ,23.3 
A;HU;MEUR_KP_PRE;OBJ06,0 ,0 ,0 ,0 ,0.4 ,0 ,0 ,26.4 ,56.5 ,30 ,28.5 ,30.2 ,10.2 ,2.5 ,11.2 ,7 ,6.2 ,8.9 
A;IE;MEUR_KP_PRE;OBJ06,0 ,0 ,0.2 ,0.8 ,5.5 ,8.1 ,17.9 ,28.6 ,43.6 ,35 ,34.8 ,29 ,26.3 ,24.2 ,27.7 ,30.6 ,30.5 ,37.2 
A;IT;MEUR_KP_PRE;OBJ06,0 ,119.5 ,107.9 ,192.3 ,358.8 ,179.4 ,231.8 ,126.6 ,374.1 ,255.1 ,175.5 ,204 ,539.2 ,254.4 ,91.6 ,234 ,179.6 ,140.8 
A;LT;MEUR_KP_PRE;OBJ06,0 ,0 ,0 ,0 ,0 ,0.1 ,3 ,14.1 ,16.5 ,0.9 ,0 ,0 ,2.1 ,1.3 ,0.9 ,0.7 ,0.6 ,3.8 
A;LU;MEUR_KP_PRE;OBJ06,0 ,0 ,0 ,0 ,0 ,0 ,0 ,0 ,0 ,0 ,0 ,0 ,0 ,0 ,0 ,0 ,0 ,0 
A;LV;MEUR_KP_PRE;OBJ06,0 ,0 ,0 ,0 ,0 ,0 ,0 ,0.5 ,0.8 ,0 ,0 ,0 ,0 ,0 ,8.1 ,5.9 ,1.9 ,3.1 
A;MT;MEUR_KP_PRE;OBJ06,0 ,0 ,0 ,0 ,0 ,0 ,0.2 ,1.4 ,0.5 ,0.9 ,1.9 ,3.3 ,3.1 ,1 ,0 ,1.3 ,0 ,0.5 
A;NL;MEUR_KP_PRE;OBJ06,0 ,0 ,0 ,0 ,0 ,0.6 ,0.1 ,0 ,1 ,0.5 ,0.8 ,2.4 ,0.4 ,4.4 ,3.1 ,2 ,4.1 ,83.1 
A;PL;MEUR_KP_PRE;OBJ06,0 ,0 ,0 ,0 ,2.5 ,22.1 ,54.5 ,60.2 ,21.1 ,94.6 ,53.9 ,103.8 ,72.6 ,75.2 ,19.3 ,0 ,0.1 ,0.2 
A;PT;MEUR_KP_PRE;OBJ06,0 ,0 ,12.3 ,24.4 ,79.1 ,26.5 ,8.1 ,13.2 ,9.1 ,8.3 ,6.8 ,6 ,11.2 ,2.8 ,2.8 ,0.7 ,1.3 ,1.2 
A;RO;MEUR_KP_PRE;OBJ06,0 ,0 ,0 ,0 ,0 ,0 ,0 ,0 ,0.6 ,0 ,0 ,0.5 ,0.6 ,0.1 ,0 ,0 ,0 ,0 
A;SE;MEUR_KP_PRE;OBJ06,0 ,0 ,3.1 ,2.8 ,0 ,0 ,0 ,0 ,0.3 ,0.8 ,16.8 ,21.6 ,25.7 ,19.1 ,11.6 ,1.3 ,4.3 ,2 
A;SI;MEUR_KP_PRE;OBJ06,0 ,0 ,0 ,0 ,0 ,0 ,0.7 ,3.4 ,0.6 ,0.3 ,0.6 ,0.1 ,4.3 ,2.8 ,2 ,0.8 ,0.1 ,0.7 
A;SK;MEUR_KP_PRE;OBJ06,0 ,0 ,0 ,0 ,0 ,0 ,0.2 ,0.3 ,0.4 ,8 ,14.6 ,1.2 ,3.9 ,1.6 ,0.5 ,5.2 ,5 ,3.3 
A;UK;MEUR_KP_PRE;OBJ06,0 ,8.8 ,45.3 ,123.2 ,205.3 ,117.2 ,136.5 ,66.3 ,59 ,49.4 ,71.7 ,55.8 ,38 ,89 ,129.9 ,164.3 ,37.4 ,54.9 
A;AT;MEUR_KP_PRE;OBJ07,0 ,0 ,0 ,0 ,0 ,0 ,0 ,0 ,0 ,0 ,0 ,0 ,0 ,0 ,0 ,0 ,0 ,0 
A;BE;MEUR_KP_PRE;OBJ07,0 ,0 ,0 ,0 ,0 ,0 ,0 ,0 ,0 ,0 ,0 ,0 ,0 ,0 ,0 ,0 ,0 ,0 
A;BG;MEUR_KP_PRE;OBJ07,0 ,0 ,0 ,0 ,0 ,0 ,0 ,0 ,0 ,0 ,0 ,0 ,0 ,0 ,0 ,0 ,0 ,0 
A;CY;MEUR_KP_PRE;OBJ07,0 ,0 ,0 ,0 ,0 ,0 ,0 ,0 ,0 ,0 ,0 ,0 ,0 ,0 ,0 ,0 ,0 ,0 
A;CZ;MEUR_KP_PRE;OBJ07,0 ,0 ,0 ,0 ,0 ,0 ,0 ,0 ,0 ,0 ,0 ,0 ,0 ,0 ,0 ,0 ,0 ,0 
A;DE;MEUR_KP_PRE;OBJ07,0 ,0 ,0 ,0 ,0 ,0 ,0 ,0 ,0 ,0 ,0 ,0 ,0 ,0 ,0 ,0 ,0 ,0 
A;DK;MEUR_KP_PRE;OBJ07,0 ,0 ,0 ,0 ,0 ,0 ,0 ,0 ,0 ,0 ,0 ,0 ,0 ,0 ,0 ,0 ,0 ,0 
A;EE;MEUR_KP_PRE;OBJ07,0 ,0 ,0 ,0 ,0 ,0 ,0 ,0 ,0 ,0 ,0 ,0 ,0 ,0 ,0 ,0 ,0 ,0 
A;EL;MEUR_KP_PRE;OBJ07,0 ,0 ,0 ,0 ,0 ,0 ,0 ,0 ,0 ,0 ,0 ,0 ,0 ,0 ,0 ,0 ,0 ,0 
A;ES;MEUR_KP_PRE;OBJ07,0 ,0 ,0 ,0 ,0 ,0 ,0 ,0 ,0 ,0 ,0 ,0 ,0 ,0 ,0 ,0 ,0 ,0 
A;EU28;MEUR_KP_PRE;OBJ07,0 ,0 ,0 ,0 ,0 ,0 ,0 ,0 ,0 ,0 ,0 ,0 ,0 ,0 ,0 ,0 ,0 ,0 
A;FI;MEUR_KP_PRE;OBJ07,0 ,0 ,0 ,0 ,0 ,0 ,0 ,0 ,0 ,0 ,0 ,0 ,0 ,0 ,0 ,0 ,0 ,0 
A;FR;MEUR_KP_PRE;OBJ07,0 ,0 ,0 ,0 ,0 ,0 ,0 ,0 ,0 ,0 ,0 ,0 ,0 ,0 ,0 ,0 ,0 ,0 
A;HR;MEUR_KP_PRE;OBJ07,0 ,0 ,0 ,0 ,0 ,0 ,0 ,0 ,0 ,0 ,0 ,0 ,0 ,0 ,0 ,0 ,0 ,0 
A;HU;MEUR_KP_PRE;OBJ07,0 ,0 ,0 ,0 ,0 ,0 ,0 ,0 ,0 ,0 ,0 ,0 ,0 ,0 ,0 ,0 ,0 ,0 
A;IE;MEUR_KP_PRE;OBJ07,0 ,0 ,0 ,0 ,0 ,0 ,0 ,0 ,0 ,0 ,0 ,0 ,0 ,0 ,0 ,0 ,0 ,0 
A;IT;MEUR_KP_PRE;OBJ07,0 ,0 ,0 ,0 ,0 ,0 ,0 ,0 ,0 ,0 ,0 ,0 ,0 ,0 ,0 ,0 ,0 ,0 
A;LT;MEUR_KP_PRE;OBJ07,0 ,0 ,0 ,0 ,0 ,0 ,0 ,0 ,0 ,0 ,0 ,0 ,0 ,0 ,0 ,0 ,0 ,0 
A;LU;MEUR_KP_PRE;OBJ07,0 ,0 ,0 ,0 ,0 ,0 ,0 ,0 ,0 ,0 ,0 ,0 ,0 ,0 ,0 ,0 ,0 ,0 
A;LV;MEUR_KP_PRE;OBJ07,0 ,0 ,0 ,0 ,0 ,0 ,0 ,0 ,0 ,0 ,0 ,0 ,0 ,0 ,0 ,0 ,0 ,0 
A;MT;MEUR_KP_PRE;OBJ07,0 ,0 ,0 ,0 ,0 ,0 ,0 ,0 ,0 ,0 ,0 ,0 ,0 ,0 ,0 ,0 ,0 ,0 
A;NL;MEUR_KP_PRE;OBJ07,0 ,0 ,0 ,0 ,0 ,0 ,0 ,0 ,0 ,0 ,0 ,0 ,0 ,0 ,0 ,0 ,0 ,0 
A;PL;MEUR_KP_PRE;OBJ07,0 ,0 ,0 ,0 ,0 ,0 ,0 ,0 ,0 ,0 ,0 ,0 ,0 ,0 ,0 ,0 ,0 ,0 
A;PT;MEUR_KP_PRE;OBJ07,0 ,0 ,0 ,0 ,0 ,0 ,0 ,0 ,0 ,0 ,0 ,0 ,0 ,0 ,0 ,0 ,0 ,0 
A;RO;MEUR_KP_PRE;OBJ07,0 ,0 ,0 ,0 ,0 ,0 ,0 ,0 ,0 ,0 ,0 ,0 ,0 ,0 ,0 ,0 ,0 ,0 
A;SE;MEUR_KP_PRE;OBJ07,0 ,0 ,0 ,0 ,0 ,0 ,0 ,0 ,0 ,0 ,0 ,0 ,0 ,0 ,0 ,0 ,0 ,0 
A;SI;MEUR_KP_PRE;OBJ07,0 ,0 ,0 ,0 ,0 ,0 ,0 ,0 ,0 ,0 ,0 ,0 ,0 ,0 ,0 ,0 ,0 ,0 
A;SK;MEUR_KP_PRE;OBJ07,0 ,0 ,0 ,0 ,0 ,0 ,0 ,0 ,0 ,0 ,0 ,0 ,0 ,0 ,0 ,0 ,0 ,0 
A;UK;MEUR_KP_PRE;OBJ07,0 ,0 ,0 ,0 ,0 ,0 ,0 ,0 ,0 ,0 ,0 ,0 ,0 ,0 ,0 ,0 ,0 ,0 
A;AT;MEUR_KP_PRE;OBJ08,0 ,0 ,0 ,0 ,0 ,0 ,0 ,0 ,0 ,0 ,0 ,0 ,0 ,0 ,0 ,0 ,0 ,0 
A;BE;MEUR_KP_PRE;OBJ08,0 ,0 ,0 ,0 ,0 ,0 ,0 ,0 ,0 ,0 ,0 ,0 ,0 ,0 ,0 ,0 ,0 ,0 
A;BG;MEUR_KP_PRE;OBJ08,0 ,0 ,0 ,0 ,0 ,0 ,0 ,0 ,0 ,0 ,0 ,0 ,0 ,0 ,0 ,0 ,0 ,0 
A;CY;MEUR_KP_PRE;OBJ08,0 ,0 ,0 ,0 ,0 ,0 ,0 ,0 ,0 ,0 ,0 ,0 ,0 ,0 ,0 ,0 ,0 ,0 
A;CZ;MEUR_KP_PRE;OBJ08,0 ,0 ,0 ,0 ,0 ,0 ,0 ,0 ,0 ,0 ,0 ,0 ,0 ,0 ,0 ,0 ,0 ,0 
A;DE;MEUR_KP_PRE;OBJ08,0 ,0 ,0 ,0 ,0 ,0 ,0 ,0 ,0 ,0 ,0 ,0 ,0 ,0 ,0 ,0 ,0 ,0 
A;DK;MEUR_KP_PRE;OBJ08,0 ,0 ,0 ,0 ,0 ,0 ,0 ,0 ,0 ,0 ,0 ,0 ,0 ,0 ,0 ,0 ,0 ,0 
A;EE;MEUR_KP_PRE;OBJ08,0 ,0 ,0 ,0 ,0 ,0 ,0 ,0 ,0 ,0 ,0 ,0 ,0 ,0 ,0 ,0 ,0 ,0 
A;EL;MEUR_KP_PRE;OBJ08,0 ,0 ,0 ,0 ,0 ,0 ,0 ,0 ,0 ,0 ,0 ,0 ,0 ,0 ,0 ,0 ,0 ,0 
A;ES;MEUR_KP_PRE;OBJ08,0 ,0 ,0 ,0 ,0 ,0 ,0 ,0 ,0 ,0 ,0 ,0 ,0 ,0 ,0 ,0 ,0 ,0 
A;EU28;MEUR_KP_PRE;OBJ08,0 ,0 ,0 ,0 ,0 ,0 ,0 ,0 ,0 ,0 ,0 ,0 ,0 ,0 ,0 ,0 ,0 ,0 
A;FI;MEUR_KP_PRE;OBJ08,0 ,0 ,0 ,0 ,0 ,0 ,0 ,0 ,0 ,0 ,0 ,0 ,0 ,0 ,0 ,0 ,0 ,0 
A;FR;MEUR_KP_PRE;OBJ08,0 ,0 ,0 ,0 ,0 ,0 ,0 ,0 ,0 ,0 ,0 ,0 ,0 ,0 ,0 ,0 ,0 ,0 
A;HR;MEUR_KP_PRE;OBJ08,0 ,0 ,0 ,0 ,0 ,0 ,0 ,0 ,0 ,0 ,0 ,0 ,0 ,0 ,0 ,0 ,0 ,0 
A;HU;MEUR_KP_PRE;OBJ08,0 ,0 ,0 ,0 ,0 ,0 ,0 ,0 ,0 ,0 ,0 ,0 ,0 ,0 ,0 ,0 ,0 ,0 
A;IE;MEUR_KP_PRE;OBJ08,0 ,0 ,0 ,0 ,0 ,0 ,0 ,0 ,0 ,0 ,0 ,0 ,0 ,0 ,0 ,0 ,0 ,0 
A;IT;MEUR_KP_PRE;OBJ08,0 ,0 ,0 ,0 ,0 ,0 ,0 ,0 ,0 ,0 ,0 ,0 ,0 ,0 ,0 ,0 ,0 ,0 
A;LT;MEUR_KP_PRE;OBJ08,0 ,0 ,0 ,0 ,0 ,0 ,0 ,0 ,0 ,0 ,0 ,0 ,0 ,0 ,0 ,0 ,0 ,0 
A;LU;MEUR_KP_PRE;OBJ08,0 ,0 ,0 ,0 ,0 ,0 ,0 ,0 ,0 ,0 ,0 ,0 ,0 ,0 ,0 ,0 ,0 ,0 
A;LV;MEUR_KP_PRE;OBJ08,0 ,0 ,0 ,0 ,0 ,0 ,0 ,0 ,0 ,0 ,0 ,0 ,0 ,0 ,0 ,0 ,0 ,0 
A;MT;MEUR_KP_PRE;OBJ08,0 ,0 ,0 ,0 ,0 ,0 ,0 ,0 ,0 ,0 ,0 ,0 ,0 ,0 ,0 ,0 ,0 ,0 
A;NL;MEUR_KP_PRE;OBJ08,0 ,0 ,0 ,0 ,0 ,0 ,0 ,0 ,0 ,0 ,0 ,0 ,0 ,0 ,0 ,0 ,0 ,0 
A;PL;MEUR_KP_PRE;OBJ08,0 ,0 ,0 ,0 ,0 ,0 ,0 ,0 ,0 ,0 ,0 ,0 ,0 ,0 ,0 ,0 ,0 ,0 
A;PT;MEUR_KP_PRE;OBJ08,0 ,0 ,0 ,0 ,0 ,0 ,0 ,0 ,0 ,0 ,0 ,0 ,0 ,0 ,0 ,0 ,0 ,0 
A;RO;MEUR_KP_PRE;OBJ08,0 ,0 ,0 ,0 ,0 ,0 ,0 ,0 ,0 ,0 ,0 ,0 ,0 ,0 ,0 ,0 ,0 ,0 
A;SE;MEUR_KP_PRE;OBJ08,0 ,0 ,0 ,0 ,0 ,0 ,0 ,0 ,0 ,0 ,0 ,0 ,0 ,0 ,0 ,0 ,0 ,0 
A;SI;MEUR_KP_PRE;OBJ08,0 ,0 ,0 ,0 ,0 ,0 ,0 ,0 ,0 ,0 ,0 ,0 ,0 ,0 ,0 ,0 ,0 ,0 
A;SK;MEUR_KP_PRE;OBJ08,0 ,0 ,0 ,0 ,0 ,0 ,0 ,0 ,0 ,0 ,0 ,0 ,0 ,0 ,0 ,0 ,0 ,0 
A;UK;MEUR_KP_PRE;OBJ08,0 ,0 ,0 ,0 ,0 ,0 ,0 ,0 ,0 ,0 ,0 ,0 ,0 ,0 ,0 ,0 ,0 ,0 
A;AT;MEUR_KP_PRE;OBJ09,0 ,0 ,0 ,0 ,0 ,0 ,0 ,0 ,0 ,0 ,0 ,0 ,0 ,16.4 ,19 ,56.8 ,65.1 ,69.8 
A;BE;MEUR_KP_PRE;OBJ09,0 ,0 ,0 ,0 ,0 ,0 ,0 ,0 ,0 ,0 ,0 ,0 ,0 ,0 ,293.4 ,372.6 ,411.7 ,462.9 
A;BG;MEUR_KP_PRE;OBJ09,0 ,0 ,0 ,0 ,0 ,0 ,0 ,0 ,0 ,0 ,0 ,0 ,0 ,0 ,0 ,1.3 ,1.5 ,0.5 
A;CY;MEUR_KP_PRE;OBJ09,0 ,0 ,0 ,0 ,0 ,0 ,0 ,0 ,0 ,0 ,0 ,0 ,0 ,0 ,0 ,0 ,0 ,0 
A;CZ;MEUR_KP_PRE;OBJ09,0 ,0 ,0 ,0 ,0 ,0 ,0 ,0 ,0 ,0 ,0 ,0 ,0 ,0 ,3.2 ,11.5 ,22.6 ,78.9 
A;DE;MEUR_KP_PRE;OBJ09,0 ,0 ,0 ,0 ,0 ,0 ,0 ,0 ,0 ,0 ,0 ,0 ,0 ,0 ,42.9 ,664.7 ,674.5 ,457.6 
A;DK;MEUR_KP_PRE;OBJ09,0 ,0 ,0 ,0 ,0 ,0 ,0 ,0 ,0 ,0 ,0 ,0 ,0 ,0 ,0 ,19.5 ,27.4 ,30 
A;EE;MEUR_KP_PRE;OBJ09,0 ,0 ,0 ,0 ,0 ,0 ,0 ,0 ,0 ,0 ,0 ,0 ,0 ,0 ,0 ,0.3 ,1.5 ,33.9 
A;EL;MEUR_KP_PRE;OBJ09,0 ,0 ,0 ,0 ,0 ,0 ,0 ,0 ,0 ,0 ,0 ,0 ,0 ,0 ,0 ,0 ,0 ,0.6 
A;ES;MEUR_KP_PRE;OBJ09,0 ,0 ,0 ,0 ,0 ,0 ,0 ,0 ,0 ,0 ,0 ,0 ,0 ,0 ,2.5 ,84.6 ,99.9 ,135.8 
A;EU28;MEUR_KP_PRE;OBJ09,0 ,0 ,0 ,0 ,0 ,0 ,0 ,0 ,0 ,0 ,125.3 ,1.8 ,0.1 ,16.6 ,422.7 ,1688.4 ,2799.9 ,3577.1 
A;FI;MEUR_KP_PRE;OBJ09,0 ,0 ,0 ,0 ,0 ,0 ,0 ,0 ,0 ,0 ,0 ,0 ,0.1 ,0.2 ,0 ,23.2 ,29.1 ,40 
A;FR;MEUR_KP_PRE;OBJ09,0 ,0 ,0 ,0 ,0 ,0 ,0 ,0 ,0 ,0 ,0 ,0 ,0 ,0 ,0 ,244.4 ,551.6 ,738.6 
A;HR;MEUR_KP_PRE;OBJ09,0 ,0 ,0 ,0 ,0 ,0 ,0 ,0 ,0 ,0 ,0 ,0 ,0 ,0 ,0 ,12.7 ,11.8 ,56 
A;HU;MEUR_KP_PRE;OBJ09,0 ,0 ,0 ,0 ,0 ,0 ,0 ,0 ,0 ,0 ,0 ,0 ,0 ,0 ,0 ,12.8 ,324.1 ,613.7 
A;IE;MEUR_KP_PRE;OBJ09,0 ,0 ,0 ,0 ,0 ,0 ,0 ,0 ,0 ,0 ,0 ,0 ,0 ,0 ,0 ,14.7 ,28.3 ,27 
A;IT;MEUR_KP_PRE;OBJ09,0 ,0 ,0 ,0 ,0 ,0 ,0 ,0 ,0 ,0 ,0 ,0 ,0 ,0 ,15.5 ,21.1 ,94.8 ,62.9 
A;LT;MEUR_KP_PRE;OBJ09,0 ,0 ,0 ,0 ,0 ,0 ,0 ,0 ,0 ,0 ,0 ,0 ,0 ,0 ,0 ,16.6 ,175.8 ,194.2 
A;LU;MEUR_KP_PRE;OBJ09,0 ,0 ,0 ,0 ,0 ,0 ,0 ,0 ,0 ,0 ,0 ,0 ,0 ,0 ,0 ,0 ,0 ,0 
A;LV;MEUR_KP_PRE;OBJ09,0 ,0 ,0 ,0 ,0 ,0 ,0 ,0 ,0 ,0 ,0 ,0 ,0 ,0 ,0 ,0.3 ,1.9 ,7 
A;MT;MEUR_KP_PRE;OBJ09,0 ,0 ,0 ,0 ,0 ,0 ,0 ,0 ,0 ,0 ,0 ,0 ,0 ,0 ,5 ,17.6 ,5.3 ,7.3 
A;NL;MEUR_KP_PRE;OBJ09,0 ,0 ,0 ,0 ,0 ,0 ,0 ,0 ,0 ,0 ,0 ,0 ,0 ,0 ,0.6 ,40.6 ,64.9 ,82.3 
A;PL;MEUR_KP_PRE;OBJ09,0 ,0 ,0 ,0 ,0 ,0 ,0 ,0 ,0 ,0 ,125.3 ,1.8 ,0 ,0 ,30.8 ,0.8 ,67.6 ,310.2 
A;PT;MEUR_KP_PRE;OBJ09,0 ,0 ,0 ,0 ,0 ,0 ,0 ,0 ,0 ,0 ,0 ,0 ,0 ,0 ,0 ,0 ,0 ,0.3 
A;RO;MEUR_KP_PRE;OBJ09,0 ,0 ,0 ,0 ,0 ,0 ,0 ,0 ,0 ,0 ,0 ,0 ,0 ,0 ,0 ,0 ,4.6 ,6.1 
A;SE;MEUR_KP_PRE;OBJ09,0 ,0 ,0 ,0 ,0 ,0 ,0 ,0 ,0 ,0 ,0 ,0 ,0 ,0 ,0 ,0 ,47.5 ,51.6 
A;SI;MEUR_KP_PRE;OBJ09,0 ,0 ,0 ,0 ,0 ,0 ,0 ,0 ,0 ,0 ,0 ,0 ,0 ,0 ,0 ,0 ,1.3 ,3.3 
A;SK;MEUR_KP_PRE;OBJ09,0 ,0 ,0 ,0 ,0 ,0 ,0 ,0 ,0 ,0 ,0 ,0 ,0 ,0 ,2.2 ,2.7 ,4.8 ,10.4 
A;UK;MEUR_KP_PRE;OBJ09,0 ,0 ,0 ,0 ,0 ,0 ,0 ,0 ,0 ,0 ,0 ,0 ,0 ,0 ,7.5 ,69.8 ,82 ,96.2 
A;AT;MEUR_KP_PRE;OBJ10,0 ,0 ,0 ,0 ,0 ,0 ,0 ,0 ,0 ,0 ,0 ,0 ,0 ,0 ,0 ,0 ,0 ,0 
A;BE;MEUR_KP_PRE;OBJ10,0 ,0 ,0 ,0 ,0 ,0 ,0 ,0 ,0 ,0 ,0 ,0 ,0 ,0 ,0 ,0 ,0 ,0 
A;BG;MEUR_KP_PRE;OBJ10,0 ,0 ,0 ,0 ,0 ,0 ,0 ,0 ,0 ,0 ,0 ,0 ,0 ,0 ,0 ,0 ,0 ,0 
A;CY;MEUR_KP_PRE;OBJ10,0 ,0 ,0 ,0 ,0 ,0 ,0 ,0 ,0 ,0 ,0 ,0 ,0 ,0 ,0 ,0 ,0 ,0 
A;CZ;MEUR_KP_PRE;OBJ10,0 ,0 ,0 ,0 ,0 ,0 ,0 ,0 ,0 ,0 ,0 ,0 ,0 ,0 ,0 ,0 ,0 ,0 
A;DE;MEUR_KP_PRE;OBJ10,0 ,0 ,0 ,0 ,0 ,0 ,0 ,0 ,0 ,0 ,0 ,0 ,0 ,0 ,0 ,0 ,0 ,0 
A;DK;MEUR_KP_PRE;OBJ10,0 ,0 ,0 ,0 ,0 ,0 ,0 ,0 ,0 ,0 ,0 ,0 ,0 ,0 ,0 ,0 ,0 ,0 
A;EE;MEUR_KP_PRE;OBJ10,0 ,0 ,0 ,0 ,0 ,0 ,0 ,0 ,0 ,0 ,0 ,0 ,0 ,0 ,0 ,0 ,0 ,0 
A;EL;MEUR_KP_PRE;OBJ10,0 ,0 ,0 ,0 ,0 ,0 ,0 ,0 ,0 ,0 ,0 ,0 ,0 ,0 ,0 ,0 ,0 ,0 
A;ES;MEUR_KP_PRE;OBJ10,0 ,0 ,0 ,0 ,0 ,0 ,0 ,0 ,0 ,0 ,0 ,0 ,0 ,0 ,0 ,0 ,0 ,0 
A;EU28;MEUR_KP_PRE;OBJ10,0 ,0 ,0 ,0 ,0 ,0 ,0 ,0 ,0 ,0 ,0 ,0 ,0 ,0 ,0 ,0 ,0 ,0 
A;FI;MEUR_KP_PRE;OBJ10,0 ,0 ,0 ,0 ,0 ,0 ,0 ,0 ,0 ,0 ,0 ,0 ,0 ,0 ,0 ,0 ,0 ,0 
A;FR;MEUR_KP_PRE;OBJ10,0 ,0 ,0 ,0 ,0 ,0 ,0 ,0 ,0 ,0 ,0 ,0 ,0 ,0 ,0 ,0 ,0 ,0 
A;HR;MEUR_KP_PRE;OBJ10,0 ,0 ,0 ,0 ,0 ,0 ,0 ,0 ,0 ,0 ,0 ,0 ,0 ,0 ,0 ,0 ,0 ,0 
A;HU;MEUR_KP_PRE;OBJ10,0 ,0 ,0 ,0 ,0 ,0 ,0 ,0 ,0 ,0 ,0 ,0 ,0 ,0 ,0 ,0 ,0 ,0 
A;IE;MEUR_KP_PRE;OBJ10,0 ,0 ,0 ,0 ,0 ,0 ,0 ,0 ,0 ,0 ,0 ,0 ,0 ,0 ,0 ,0 ,0 ,0 
A;IT;MEUR_KP_PRE;OBJ10,0 ,0 ,0 ,0 ,0 ,0 ,0 ,0 ,0 ,0 ,0 ,0 ,0 ,0 ,0 ,0 ,0 ,0 
A;LT;MEUR_KP_PRE;OBJ10,0 ,0 ,0 ,0 ,0 ,0 ,0 ,0 ,0 ,0 ,0 ,0 ,0 ,0 ,0 ,0 ,0 ,0 
A;LU;MEUR_KP_PRE;OBJ10,0 ,0 ,0 ,0 ,0 ,0 ,0 ,0 ,0 ,0 ,0 ,0 ,0 ,0 ,0 ,0 ,0 ,0 
A;LV;MEUR_KP_PRE;OBJ10,0 ,0 ,0 ,0 ,0 ,0 ,0 ,0 ,0 ,0 ,0 ,0 ,0 ,0 ,0 ,0 ,0 ,0 
A;MT;MEUR_KP_PRE;OBJ10,0 ,0 ,0 ,0 ,0 ,0 ,0 ,0 ,0 ,0 ,0 ,0 ,0 ,0 ,0 ,0 ,0 ,0 
A;NL;MEUR_KP_PRE;OBJ10,0 ,0 ,0 ,0 ,0 ,0 ,0 ,0 ,0 ,0 ,0 ,0 ,0 ,0 ,0 ,0 ,0 ,0 
A;PL;MEUR_KP_PRE;OBJ10,0 ,0 ,0 ,0 ,0 ,0 ,0 ,0 ,0 ,0 ,0 ,0 ,0 ,0 ,0 ,0 ,0 ,0 
A;PT;MEUR_KP_PRE;OBJ10,0 ,0 ,0 ,0 ,0 ,0 ,0 ,0 ,0 ,0 ,0 ,0 ,0 ,0 ,0 ,0 ,0 ,0 
A;RO;MEUR_KP_PRE;OBJ10,0 ,0 ,0 ,0 ,0 ,0 ,0 ,0 ,0 ,0 ,0 ,0 ,0 ,0 ,0 ,0 ,0 ,0 
A;SE;MEUR_KP_PRE;OBJ10,0 ,0 ,0 ,0 ,0 ,0 ,0 ,0 ,0 ,0 ,0 ,0 ,0 ,0 ,0 ,0 ,0 ,0 
A;SI;MEUR_KP_PRE;OBJ10,0 ,0 ,0 ,0 ,0 ,0 ,0 ,0 ,0 ,0 ,0 ,0 ,0 ,0 ,0 ,0 ,0 ,0 
A;SK;MEUR_KP_PRE;OBJ10,0 ,0 ,0 ,0 ,0 ,0 ,0 ,0 ,0 ,0 ,0 ,0 ,0 ,0 ,0 ,0 ,0 ,0 
A;UK;MEUR_KP_PRE;OBJ10,0 ,0 ,0 ,0 ,0 ,0 ,0 ,0 ,0 ,0 ,0 ,0 ,0 ,0 ,0 ,0 ,0 ,0 
A;AT;MEUR_KP_PRE;OBJ11,0 ,0 ,0 ,0 ,0 ,0 ,0 ,0 ,0 ,0 ,0 ,0 ,0 ,0 ,0 ,0 ,0.1 ,2.3 
A;BE;MEUR_KP_PRE;OBJ11,0 ,0 ,0 ,0 ,0 ,0 ,0 ,0 ,0 ,0 ,0 ,0 ,0 ,0 ,0 ,0 ,0 ,0 
A;BG;MEUR_KP_PRE;OBJ11,0 ,0 ,0 ,0 ,0 ,0 ,0 ,0 ,0 ,0 ,0 ,0 ,0 ,0 ,0 ,0.5 ,0.5 ,0.1 
A;CY;MEUR_KP_PRE;OBJ11,0 ,0 ,0 ,0 ,0 ,0 ,0 ,0 ,0 ,0 ,0 ,0 ,0 ,0 ,0 ,0 ,0 ,0 
A;CZ;MEUR_KP_PRE;OBJ11,0 ,0 ,0 ,0 ,0 ,0 ,0 ,0 ,0 ,0 ,0 ,0 ,0 ,0 ,0 ,0 ,0 ,0 
A;DE;MEUR_KP_PRE;OBJ11,0 ,0 ,0 ,0 ,0 ,0 ,0 ,0 ,0 ,0 ,0 ,0 ,0 ,28.8 ,105.4 ,111.5 ,123.7 ,73.3 
A;DK;MEUR_KP_PRE;OBJ11,0 ,0 ,0 ,0 ,0 ,0 ,0 ,0 ,0 ,0 ,0 ,0 ,0 ,0 ,0 ,0 ,0 ,0 
A;EE;MEUR_KP_PRE;OBJ11,0 ,0 ,0 ,0 ,0 ,0 ,0 ,0 ,0 ,0 ,0 ,0 ,0 ,0 ,0 ,0 ,0 ,0 
A;EL;MEUR_KP_PRE;OBJ11,0 ,0 ,0 ,0 ,0 ,0 ,0 ,0 ,0 ,0 ,0 ,0 ,0 ,0 ,0 ,0 ,0 ,0 
A;ES;MEUR_KP_PRE;OBJ11,0 ,0 ,0 ,0 ,0 ,0 ,0 ,0 ,0 ,0 ,0 ,0 ,0 ,0 ,0 ,0 ,0 ,3 
A;EU28;MEUR_KP_PRE;OBJ11,0 ,0 ,0 ,0 ,0 ,0 ,0 ,0 ,0 ,0 ,0 ,0 ,0 ,28.8 ,110.7 ,167.2 ,144.6 ,165.8 
A;FI;MEUR_KP_PRE;OBJ11,0 ,0 ,0 ,0 ,0 ,0 ,0 ,0 ,0 ,0 ,0 ,0 ,0 ,0 ,0 ,0 ,0 ,0 
A;FR;MEUR_KP_PRE;OBJ11,0 ,0 ,0 ,0 ,0 ,0 ,0 ,0 ,0 ,0 ,0 ,0 ,0 ,0 ,0 ,1.7 ,0.6 ,2.5 
A;HR;MEUR_KP_PRE;OBJ11,0 ,0 ,0 ,0 ,0 ,0 ,0 ,0 ,0 ,0 ,0 ,0 ,0 ,0 ,0 ,0 ,0 ,0 
A;HU;MEUR_KP_PRE;OBJ11,0 ,0 ,0 ,0 ,0 ,0 ,0 ,0 ,0 ,0 ,0 ,0 ,0 ,0 ,0 ,0 ,0 ,0 
A;IE;MEUR_KP_PRE;OBJ11,0 ,0 ,0 ,0 ,0 ,0 ,0 ,0 ,0 ,0 ,0 ,0 ,0 ,0 ,0 ,0 ,0 ,0 
A;IT;MEUR_KP_PRE;OBJ11,0 ,0 ,0 ,0 ,0 ,0 ,0 ,0 ,0 ,0 ,0 ,0 ,0 ,0 ,3.2 ,53.5 ,16.6 ,84.2 
A;LT;MEUR_KP_PRE;OBJ11,0 ,0 ,0 ,0 ,0 ,0 ,0 ,0 ,0 ,0 ,0 ,0 ,0 ,0 ,0 ,0 ,0 ,0 
A;LU;MEUR_KP_PRE;OBJ11,0 ,0 ,0 ,0 ,0 ,0 ,0 ,0 ,0 ,0 ,0 ,0 ,0 ,0 ,0 ,0 ,0 ,0 
A;LV;MEUR_KP_PRE;OBJ11,0 ,0 ,0 ,0 ,0 ,0 ,0 ,0 ,0 ,0 ,0 ,0 ,0 ,0 ,0 ,0 ,0 ,0 
A;MT;MEUR_KP_PRE;OBJ11,0 ,0 ,0 ,0 ,0 ,0 ,0 ,0 ,0 ,0 ,0 ,0 ,0 ,0 ,0 ,0 ,0 ,0 
A;NL;MEUR_KP_PRE;OBJ11,0 ,0 ,0 ,0 ,0 ,0 ,0 ,0 ,0 ,0 ,0 ,0 ,0 ,0 ,0 ,0 ,0 ,0 
A;PL;MEUR_KP_PRE;OBJ11,0 ,0 ,0 ,0 ,0 ,0 ,0 ,0 ,0 ,0 ,0 ,0 ,0 ,0 ,0 ,0 ,0 ,0 
A;PT;MEUR_KP_PRE;OBJ11,0 ,0 ,0 ,0 ,0 ,0 ,0 ,0 ,0 ,0 ,0 ,0 ,0 ,0 ,0 ,0 ,0 ,0.4 
A;RO;MEUR_KP_PRE;OBJ11,0 ,0 ,0 ,0 ,0 ,0 ,0 ,0 ,0 ,0 ,0 ,0 ,0 ,0 ,0 ,0 ,0 ,0 
A;SE;MEUR_KP_PRE;OBJ11,0 ,0 ,0 ,0 ,0 ,0 ,0 ,0 ,0 ,0 ,0 ,0 ,0 ,0 ,0 ,0 ,0 ,0 
A;SI;MEUR_KP_PRE;OBJ11,0 ,0 ,0 ,0 ,0 ,0 ,0 ,0 ,0 ,0 ,0 ,0 ,0 ,0 ,0 ,0 ,0 ,0 
A;SK;MEUR_KP_PRE;OBJ11,0 ,0 ,0 ,0 ,0 ,0 ,0 ,0 ,0 ,0 ,0 ,0 ,0 ,0 ,0 ,0 ,0 ,0 
A;UK;MEUR_KP_PRE;OBJ11,0 ,0 ,0 ,0 ,0 ,0 ,0 ,0 ,0 ,0 ,0 ,0 ,0 ,0 ,2.2 ,0 ,3 ,0 
A;AT;MEUR_KP_PRE;OBJ12,0 ,0 ,0 ,0 ,0 ,0 ,0 ,0 ,0 ,0 ,0 ,0 ,0 ,0 ,0 ,0 ,0 ,0 
A;BE;MEUR_KP_PRE;OBJ12,0 ,0 ,0 ,0 ,0 ,0 ,0 ,0 ,0 ,0 ,0 ,0 ,0 ,0 ,0 ,0 ,0 ,0 
A;BG;MEUR_KP_PRE;OBJ12,0 ,0 ,0 ,0 ,0 ,0 ,0 ,0 ,0 ,0 ,0 ,0 ,0 ,0 ,0 ,0 ,0 ,0 
A;CY;MEUR_KP_PRE;OBJ12,0 ,0 ,0 ,0 ,0 ,0 ,0 ,0 ,0 ,0 ,0 ,0 ,0 ,0 ,0 ,0 ,0 ,0 
A;CZ;MEUR_KP_PRE;OBJ12,0 ,0 ,0 ,0 ,0 ,0 ,0 ,0 ,0 ,0 ,0 ,0 ,0 ,0 ,0 ,0 ,0 ,0 
A;DE;MEUR_KP_PRE;OBJ12,0 ,0 ,0 ,0 ,0 ,0 ,0 ,0 ,0 ,0 ,0 ,0 ,0 ,0 ,0 ,0 ,0 ,0 
A;DK;MEUR_KP_PRE;OBJ12,0 ,0 ,0 ,0 ,0 ,0 ,0 ,0 ,0 ,0 ,0 ,0 ,0 ,0 ,0 ,0 ,0 ,0 
A;EE;MEUR_KP_PRE;OBJ12,0 ,0 ,0 ,0 ,0 ,0 ,0 ,0 ,0 ,0 ,0 ,0 ,0 ,0 ,0 ,0 ,0 ,0 
A;EL;MEUR_KP_PRE;OBJ12,0 ,0 ,0 ,0 ,0 ,0 ,0 ,0 ,0 ,0 ,0 ,0 ,0 ,0 ,0 ,0 ,0 ,0 
A;ES;MEUR_KP_PRE;OBJ12,0 ,0 ,0 ,0 ,0 ,0 ,0 ,0 ,0 ,0 ,0 ,0 ,0 ,0 ,0 ,0 ,0 ,0 
A;EU28;MEUR_KP_PRE;OBJ12,0 ,0.2 ,0.2 ,0.2 ,0.1 ,1.1 ,0.2 ,0.3 ,0.2 ,0 ,0 ,0 ,0 ,0 ,0 ,0 ,0 ,0 
A;FI;MEUR_KP_PRE;OBJ12,0 ,0 ,0 ,0 ,0 ,0 ,0 ,0 ,0 ,0 ,0 ,0 ,0 ,0 ,0 ,0 ,0 ,0 
A;FR;MEUR_KP_PRE;OBJ12,0 ,0 ,0 ,0 ,0 ,0 ,0 ,0 ,0 ,0 ,0 ,0 ,0 ,0 ,0 ,0 ,0 ,0 
A;HR;MEUR_KP_PRE;OBJ12,0 ,0 ,0 ,0 ,0 ,0 ,0 ,0 ,0 ,0 ,0 ,0 ,0 ,0 ,0 ,0 ,0 ,0 
A;HU;MEUR_KP_PRE;OBJ12,0 ,0 ,0 ,0 ,0 ,0 ,0 ,0 ,0 ,0 ,0 ,0 ,0 ,0 ,0 ,0 ,0 ,0 
A;IE;MEUR_KP_PRE;OBJ12,0 ,0 ,0 ,0 ,0 ,0 ,0 ,0 ,0 ,0 ,0 ,0 ,0 ,0 ,0 ,0 ,0 ,0 
A;IT;MEUR_KP_PRE;OBJ12,0 ,0 ,0 ,0 ,0 ,0 ,0 ,0 ,0 ,0 ,0 ,0 ,0 ,0 ,0 ,0 ,0 ,0 
A;LT;MEUR_KP_PRE;OBJ12,0 ,0 ,0 ,0 ,0 ,0 ,0 ,0 ,0 ,0 ,0 ,0 ,0 ,0 ,0 ,0 ,0 ,0 
A;LU;MEUR_KP_PRE;OBJ12,0 ,0 ,0 ,0 ,0 ,0 ,0 ,0 ,0 ,0 ,0 ,0 ,0 ,0 ,0 ,0 ,0 ,0 
A;LV;MEUR_KP_PRE;OBJ12,0 ,0 ,0 ,0 ,0 ,0 ,0 ,0 ,0 ,0 ,0 ,0 ,0 ,0 ,0 ,0 ,0 ,0 
A;MT;MEUR_KP_PRE;OBJ12,0 ,0 ,0 ,0 ,0 ,0 ,0 ,0 ,0 ,0 ,0 ,0 ,0 ,0 ,0 ,0 ,0 ,0 
A;NL;MEUR_KP_PRE;OBJ12,0 ,0 ,0 ,0 ,0 ,0 ,0 ,0 ,0 ,0 ,0 ,0 ,0 ,0 ,0 ,0 ,0 ,0 
A;PL;MEUR_KP_PRE;OBJ12,0 ,0 ,0 ,0 ,0 ,0 ,0 ,0 ,0 ,0 ,0 ,0 ,0 ,0 ,0 ,0 ,0 ,0 
A;PT;MEUR_KP_PRE;OBJ12,0 ,0 ,0 ,0 ,0 ,0 ,0 ,0 ,0 ,0 ,0 ,0 ,0 ,0 ,0 ,0 ,0 ,0 
A;RO;MEUR_KP_PRE;OBJ12,0 ,0 ,0 ,0 ,0 ,0 ,0 ,0 ,0 ,0 ,0 ,0 ,0 ,0 ,0 ,0 ,0 ,0 
A;SE;MEUR_KP_PRE;OBJ12,0 ,0 ,0 ,0 ,0 ,0 ,0 ,0 ,0 ,0 ,0 ,0 ,0 ,0 ,0 ,0 ,0 ,0 
A;SI;MEUR_KP_PRE;OBJ12,0 ,0 ,0 ,0 ,0 ,0 ,0 ,0 ,0 ,0 ,0 ,0 ,0 ,0 ,0 ,0 ,0 ,0 
A;SK;MEUR_KP_PRE;OBJ12,0 ,0 ,0 ,0 ,0 ,0 ,0 ,0 ,0 ,0 ,0 ,0 ,0 ,0 ,0 ,0 ,0 ,0 
A;UK;MEUR_KP_PRE;OBJ12,0 ,0.2 ,0.2 ,0.2 ,0.1 ,1.1 ,0.2 ,0.3 ,0.2 ,0 ,0 ,0 ,0 ,0 ,0 ,0 ,0 ,0 
A;AT;MEUR_KP_PRE;OBJ13,0 ,0 ,0 ,0 ,0 ,0 ,0 ,0 ,0 ,0 ,0 ,0 ,0 ,0 ,0 ,0 ,0 ,0 
A;BE;MEUR_KP_PRE;OBJ13,0 ,0 ,0 ,0 ,0 ,0 ,0 ,0 ,0 ,0 ,0 ,0 ,0 ,0 ,0 ,0 ,0 ,0 
A;BG;MEUR_KP_PRE;OBJ13,0 ,0 ,0 ,0 ,0 ,0 ,0 ,0 ,0 ,0 ,0 ,0 ,0 ,0 ,0 ,0 ,0 ,0 
A;CY;MEUR_KP_PRE;OBJ13,0 ,0 ,0 ,0 ,0 ,0 ,0 ,0 ,0 ,0 ,0 ,0 ,0 ,0 ,0 ,0 ,0 ,0 
A;CZ;MEUR_KP_PRE;OBJ13,0 ,0 ,0 ,0 ,0 ,0 ,0 ,0 ,0 ,0 ,0 ,0 ,0 ,0 ,0 ,0 ,0 ,0 
A;DE;MEUR_KP_PRE;OBJ13,0 ,0 ,0 ,0 ,0 ,0 ,0 ,0 ,0 ,0 ,0 ,0 ,0 ,0 ,0 ,0 ,0 ,0 
A;DK;MEUR_KP_PRE;OBJ13,0 ,0 ,0 ,0 ,0 ,0 ,0 ,0 ,0 ,0 ,0 ,0 ,0 ,0 ,0 ,0 ,0 ,0 
A;EE;MEUR_KP_PRE;OBJ13,0 ,0 ,0 ,0 ,0 ,0 ,0 ,0 ,0 ,0 ,0 ,0 ,0 ,0 ,0 ,0 ,0 ,0 
A;EL;MEUR_KP_PRE;OBJ13,0 ,0 ,0 ,0 ,0 ,0 ,0 ,0 ,0 ,0 ,0 ,0 ,0 ,0 ,0 ,0 ,0 ,0 
A;ES;MEUR_KP_PRE;OBJ13,0 ,0 ,0 ,0 ,0 ,0 ,0 ,0 ,0 ,0 ,0 ,0 ,0 ,0 ,437.7 ,423.9 ,451.8 ,695.3 
A;EU28;MEUR_KP_PRE;OBJ13,0 ,0 ,0 ,0 ,0 ,0 ,0 ,0 ,0 ,0 ,0 ,0 ,0 ,0 ,437.7 ,430 ,452.4 ,705 
A;FI;MEUR_KP_PRE;OBJ13,0 ,0 ,0 ,0 ,0 ,0 ,0 ,0 ,0 ,0 ,0 ,0 ,0 ,0 ,0 ,0 ,0 ,0 
A;FR;MEUR_KP_PRE;OBJ13,0 ,0 ,0 ,0 ,0 ,0 ,0 ,0 ,0 ,0 ,0 ,0 ,0 ,0 ,0 ,0 ,0 ,0 
A;HR;MEUR_KP_PRE;OBJ13,0 ,0 ,0 ,0 ,0 ,0 ,0 ,0 ,0 ,0 ,0 ,0 ,0 ,0 ,0 ,0 ,0 ,0 
A;HU;MEUR_KP_PRE;OBJ13,0 ,0 ,0 ,0 ,0 ,0 ,0 ,0 ,0 ,0 ,0 ,0 ,0 ,0 ,0 ,0 ,0 ,0 
A;IE;MEUR_KP_PRE;OBJ13,0 ,0 ,0 ,0 ,0 ,0 ,0 ,0 ,0 ,0 ,0 ,0 ,0 ,0 ,0 ,0 ,0 ,0 
A;IT;MEUR_KP_PRE;OBJ13,0 ,0 ,0 ,0 ,0 ,0 ,0 ,0 ,0 ,0 ,0 ,0 ,0 ,0 ,0 ,0 ,0 ,0 
A;LT;MEUR_KP_PRE;OBJ13,0 ,0 ,0 ,0 ,0 ,0 ,0 ,0 ,0 ,0 ,0 ,0 ,0 ,0 ,0 ,0 ,0 ,0 
A;LU;MEUR_KP_PRE;OBJ13,0 ,0 ,0 ,0 ,0 ,0 ,0 ,0 ,0 ,0 ,0 ,0 ,0 ,0 ,0 ,0 ,0 ,0 
A;LV;MEUR_KP_PRE;OBJ13,0 ,0 ,0 ,0 ,0 ,0 ,0 ,0 ,0 ,0 ,0 ,0 ,0 ,0 ,0 ,0 ,0 ,0 
A;MT;MEUR_KP_PRE;OBJ13,0 ,0 ,0 ,0 ,0 ,0 ,0 ,0 ,0 ,0 ,0 ,0 ,0 ,0 ,0 ,0 ,0 ,0 
A;NL;MEUR_KP_PRE;OBJ13,0 ,0 ,0 ,0 ,0 ,0 ,0 ,0 ,0 ,0 ,0 ,0 ,0 ,0 ,0 ,0 ,0 ,0 
A;PL;MEUR_KP_PRE;OBJ13,0 ,0 ,0 ,0 ,0 ,0 ,0 ,0 ,0 ,0 ,0 ,0 ,0 ,0 ,0 ,0 ,0 ,0 
A;PT;MEUR_KP_PRE;OBJ13,0 ,0 ,0 ,0 ,0 ,0 ,0 ,0 ,0 ,0 ,0 ,0 ,0 ,0 ,0 ,0 ,0.6 ,0.8 
A;RO;MEUR_KP_PRE;OBJ13,0 ,0 ,0 ,0 ,0 ,0 ,0 ,0 ,0 ,0 ,0 ,0 ,0 ,0 ,0 ,0 ,0 ,0 
A;SE;MEUR_KP_PRE;OBJ13,0 ,0 ,0 ,0 ,0 ,0 ,0 ,0 ,0 ,0 ,0 ,0 ,0 ,0 ,0 ,0 ,0 ,0 
A;SI;MEUR_KP_PRE;OBJ13,0 ,0 ,0 ,0 ,0 ,0 ,0 ,0 ,0 ,0 ,0 ,0 ,0 ,0 ,0 ,0 ,0 ,0 
A;SK;MEUR_KP_PRE;OBJ13,0 ,0 ,0 ,0 ,0 ,0 ,0 ,0 ,0 ,0 ,0 ,0 ,0 ,0 ,0 ,0 ,0 ,0 
A;UK;MEUR_KP_PRE;OBJ13,0 ,0 ,0 ,0 ,0 ,0 ,0 ,0 ,0 ,0 ,0 ,0 ,0 ,0 ,0 ,6.1 ,0 ,8.8 
A;AT;MEUR_KP_PRE;OBJ15,0 ,0 ,0 ,0.3 ,0.3 ,0.4 ,0.2 ,0.4 ,0.5 ,5.2 ,5.9 ,8.3 ,6.6 ,15.7 ,150.4 ,224.2 ,253.9 ,192.4 
A;BE;MEUR_KP_PRE;OBJ15,0 ,0 ,0 ,0 ,0 ,0 ,0 ,0 ,0 ,130.1 ,127.2 ,98.6 ,16.8 ,27.9 ,24.8 ,23.4 ,38 ,101.2 
A;BG;MEUR_KP_PRE;OBJ15,0 ,0 ,0 ,0 ,0 ,0 ,0 ,0 ,0 ,0 ,0 ,0 ,0.2 ,0.6 ,4.7 ,5.7 ,2.7 ,1.7 
A;CY;MEUR_KP_PRE;OBJ15,0 ,0 ,0 ,0 ,0 ,0 ,0 ,0 ,0 ,0 ,1.7 ,0.5 ,1.3 ,1.4 ,1.8 ,1.1 ,0.5 ,0.5 
A;CZ;MEUR_KP_PRE;OBJ15,0 ,0 ,0 ,0 ,0 ,0 ,0 ,0 ,0 ,6.5 ,10.9 ,55.7 ,116.2 ,158.5 ,182.2 ,241.1 ,240.2 ,323.1 
A;DE;MEUR_KP_PRE;OBJ15,1.7 ,1.6 ,2 ,3.9 ,1.8 ,12 ,10.5 ,31.1 ,11.4 ,55.5 ,340.7 ,857.1 ,1133.4 ,1312.1 ,877.8 ,996.4 ,1305.9 ,988.9 
A;DK;MEUR_KP_PRE;OBJ15,0 ,0 ,0 ,0 ,0 ,0.6 ,0.8 ,0 ,0.7 ,21.5 ,60.3 ,105.4 ,130.8 ,148 ,132.9 ,177.7 ,220 ,115.9 
A;EE;MEUR_KP_PRE;OBJ15,0 ,0 ,0 ,0 ,0 ,0.3 ,0.7 ,1.9 ,2.9 ,1 ,0.6 ,0.7 ,0 ,0.5 ,6.4 ,5.5 ,7.8 ,8.1 
A;EL;MEUR_KP_PRE;OBJ15,0 ,0 ,0 ,0 ,0 ,0.1 ,0.1 ,0.1 ,0.1 ,0.1 ,1.4 ,2 ,4.1 ,6.9 ,54.8 ,38.6 ,80.5 ,3.7 
A;ES;MEUR_KP_PRE;OBJ15,0 ,0 ,0 ,0 ,0 ,6.3 ,7.8 ,19.4 ,13.5 ,270.3 ,161.3 ,117.6 ,144.7 ,139.8 ,161.4 ,213.8 ,248 ,318.4 
A;EU28;MEUR_KP_PRE;OBJ15,1.7 ,1.6 ,2 ,4.4 ,7.8 ,22.6 ,55.7 ,165.9 ,132.8 ,1040.8 ,1361 ,1980.7 ,2757.3 ,3231.1 ,3633 ,4180.7 ,5715.6 ,7415.3 
A;FI;MEUR_KP_PRE;OBJ15,0 ,0 ,0 ,0 ,0 ,0 ,0 ,0 ,0 ,2.6 ,1.8 ,2.3 ,2.1 ,18.4 ,20.3 ,131.6 ,130.3 ,135.7 
A;FR;MEUR_KP_PRE;OBJ15,0 ,0 ,0 ,0 ,0 ,0 ,0 ,0 ,14.2 ,145.5 ,142.9 ,219.5 ,272.6 ,469.9 ,427.1 ,224.2 ,479.4 ,745.2 
A;HR;MEUR_KP_PRE;OBJ15,0 ,0 ,0 ,0 ,0 ,0 ,0 ,0 ,0 ,0 ,0 ,0 ,0 ,0 ,1.4 ,0 ,0 ,0.8 
A;HU;MEUR_KP_PRE;OBJ15,0 ,0 ,0 ,0 ,0 ,0 ,0 ,0 ,0 ,0 ,0 ,2.3 ,0.6 ,0.6 ,0.6 ,10.6 ,256.9 ,438.3 
A;IE;MEUR_KP_PRE;OBJ15,0 ,0 ,0 ,0 ,0 ,0 ,0 ,50 ,0 ,2.3 ,0.9 ,1.5 ,0.5 ,0.7 ,6.4 ,23.6 ,25.2 ,52.9 
A;IT;MEUR_KP_PRE;OBJ15,0 ,0 ,0 ,0 ,5.7 ,2.2 ,32.5 ,54.3 ,39.6 ,227.1 ,145.9 ,165 ,246.6 ,213.8 ,260 ,422 ,628.7 ,369.2 
A;LT;MEUR_KP_PRE;OBJ15,0 ,0 ,0 ,0 ,0 ,0 ,0 ,0 ,0 ,4.4 ,11.4 ,7.6 ,8.9 ,6.9 ,3.1 ,7.8 ,3.6 ,11.3 
A;LU;MEUR_KP_PRE;OBJ15,0 ,0 ,0 ,0 ,0 ,0 ,0 ,0 ,0 ,31.8 ,40.3 ,26.7 ,35.7 ,72.7 ,42.7 ,28.7 ,31.4 ,34.4 
A;LV;MEUR_KP_PRE;OBJ15,0 ,0 ,0 ,0 ,0 ,0 ,0 ,0 ,0 ,0.1 ,0.3 ,0.9 ,0.9 ,1.7 ,30.8 ,6.7 ,10.2 ,12.5 
A;MT;MEUR_KP_PRE;OBJ15,0 ,0 ,0 ,0 ,0 ,0 ,0.1 ,0 ,0 ,0 ,0 ,0.5 ,0.1 ,1.6 ,0 ,0.2 ,1.2 ,0.2 
A;NL;MEUR_KP_PRE;OBJ15,0 ,0 ,0 ,0 ,0 ,0 ,0 ,5.8 ,2.7 ,4.6 ,9.6 ,56.8 ,69.4 ,49.1 ,80.9 ,174.2 ,195 ,247.8 
A;PL;MEUR_KP_PRE;OBJ15,0 ,0 ,0 ,0 ,0 ,0 ,0 ,0 ,27.9 ,33 ,69.1 ,25 ,92.3 ,63.8 ,242.9 ,187.6 ,410.1 ,1178.4 
A;PT;MEUR_KP_PRE;OBJ15,0 ,0 ,0 ,0 ,0 ,0 ,0 ,0 ,1.9 ,27.1 ,128.6 ,70.9 ,116.6 ,87.5 ,100.9 ,14.3 ,69.6 ,75.3 
A;RO;MEUR_KP_PRE;OBJ15,0 ,0 ,0 ,0 ,0 ,0 ,0 ,0 ,0 ,0 ,0.2 ,0.5 ,1.5 ,1.3 ,11.4 ,6.3 ,6.3 ,42 
A;SE;MEUR_KP_PRE;OBJ15,0 ,0 ,0 ,0 ,0 ,0 ,0 ,0 ,0 ,1.9 ,7.7 ,0 ,12.9 ,13.6 ,87.9 ,136.2 ,166.4 ,171.4 
A;SI;MEUR_KP_PRE;OBJ15,0 ,0 ,0 ,0 ,0 ,0 ,0 ,0.4 ,0 ,3.3 ,6.7 ,10.2 ,16.9 ,17.1 ,24.5 ,16.9 ,10.5 ,34.4 
A;SK;MEUR_KP_PRE;OBJ15,0 ,0 ,0 ,0 ,0 ,0 ,0 ,0.8 ,1 ,2 ,8.7 ,9.1 ,9.6 ,8.5 ,27.7 ,51.3 ,33 ,6.9 
A;UK;MEUR_KP_PRE;OBJ15,0 ,0 ,0 ,0.2 ,0 ,0.7 ,3.1 ,1.6 ,16.6 ,65 ,76.8 ,136.1 ,316 ,392.8 ,667.4 ,811 ,860.2 ,1804.6 
A;AT;MEUR_KP_PRE;OBJ16,0 ,0 ,30.9 ,51.6 ,35.1 ,72.9 ,68.7 ,147.8 ,239.4 ,143.6 ,68.3 ,116.8 ,97.4 ,74.9 ,68.1 ,61.5 ,65.3 ,72.3 
A;BE;MEUR_KP_PRE;OBJ16,0 ,0 ,0 ,5.6 ,48.4 ,73.8 ,83.7 ,66.6 ,58.8 ,192.2 ,199.7 ,168.9 ,167.8 ,144.2 ,150 ,102.6 ,146.5 ,124 
A;BG;MEUR_KP_PRE;OBJ16,0 ,0 ,0 ,0 ,0 ,0 ,0 ,0 ,1 ,0.1 ,0.6 ,0.1 ,0.1 ,0.1 ,1.2 ,5.7 ,7.4 ,0 
A;CY;MEUR_KP_PRE;OBJ16,0 ,0 ,0 ,0 ,0 ,0.3 ,5 ,4.2 ,7.9 ,5.7 ,4.8 ,3.6 ,2.5 ,2.7 ,2.7 ,2.7 ,3 ,0.1 
A;CZ;MEUR_KP_PRE;OBJ16,0 ,0 ,30.9 ,34.3 ,38.3 ,62.5 ,76.2 ,145.2 ,70 ,21.5 ,24.3 ,8.8 ,12 ,15.2 ,10.4 ,10.3 ,0.7 ,4.7 
A;DE;MEUR_KP_PRE;OBJ16,17.3 ,33.3 ,176 ,217.7 ,324.7 ,435.4 ,299.8 ,612.5 ,1208 ,1422.4 ,866.7 ,763.4 ,756.5 ,661.7 ,550.5 ,606.9 ,506.4 ,988.6 
A;DK;MEUR_KP_PRE;OBJ16,0 ,4 ,4 ,0 ,0.2 ,0.2 ,0.2 ,6.9 ,4.7 ,6.1 ,0.7 ,3.2 ,1.6 ,4.9 ,33 ,38 ,34.4 ,29.2 
A;EE;MEUR_KP_PRE;OBJ16,0 ,0 ,0 ,0 ,0 ,3.3 ,0.8 ,0.8 ,1.9 ,3 ,1.4 ,1.4 ,0.5 ,0 ,0.1 ,0 ,0 ,0.2 
A;EL;MEUR_KP_PRE;OBJ16,0 ,0 ,0 ,0 ,11 ,43.7 ,79.3 ,82.6 ,171.8 ,111.6 ,147.4 ,17.2 ,8.7 ,0.3 ,3.6 ,1 ,1.1 ,0.8 
A;ES;MEUR_KP_PRE;OBJ16,0 ,37 ,52.8 ,48.3 ,36.5 ,36 ,41.1 ,123.1 ,146.1 ,167 ,121.4 ,71.2 ,64.9 ,62.6 ,52.7 ,36.1 ,43.7 ,63.1 
A;EU28;MEUR_KP_PRE;OBJ16,88.4 ,190.1 ,537.7 ,1107.5 ,1486.3 ,1794.6 ,1795.1 ,2801.1 ,3152.1 ,3017.7 ,2091.2 ,1899.4 ,1873.5 ,1633.8 ,1503.2 ,2100.6 ,2136.7 ,3858.4 
A;FI;MEUR_KP_PRE;OBJ16,0 ,0 ,0 ,0 ,1 ,1.3 ,1.6 ,22.2 ,31.8 ,36.8 ,30.3 ,33.1 ,27 ,25.6 ,17.3 ,48.6 ,56.7 ,50.5 
A;FR;MEUR_KP_PRE;OBJ16,0 ,0 ,5.5 ,6.6 ,2.8 ,1 ,57.7 ,94.8 ,165 ,192.4 ,126.3 ,136.1 ,135.6 ,139.3 ,129.9 ,503.8 ,484 ,482.3 
A;HR;MEUR_KP_PRE;OBJ16,0 ,0 ,0 ,0 ,0 ,0 ,0 ,0 ,0 ,0 ,0 ,0 ,0 ,0 ,0 ,3.8 ,49.1 ,103.2 
A;HU;MEUR_KP_PRE;OBJ16,0 ,0 ,0 ,0 ,0 ,22.3 ,13.3 ,27 ,56.5 ,27.7 ,9.5 ,8.9 ,0 ,1.1 ,7.1 ,19.2 ,29.6 ,45.4 
A;IE;MEUR_KP_PRE;OBJ16,0 ,7.5 ,7.5 ,10.5 ,23.5 ,45.1 ,80.2 ,93.3 ,114.5 ,30.8 ,30.6 ,27.5 ,20.8 ,17.4 ,19.3 ,41.2 ,33 ,9.6 
A;IT;MEUR_KP_PRE;OBJ16,67.3 ,102.5 ,136.3 ,576.4 ,769.3 ,689 ,738.2 ,766.5 ,619.2 ,503.6 ,276.2 ,300.3 ,256.9 ,253.3 ,148.9 ,180.2 ,412.9 ,1481.3 
A;LT;MEUR_KP_PRE;OBJ16,0 ,0 ,0 ,0 ,0 ,0.1 ,1.6 ,2.5 ,2.3 ,1.1 ,6.4 ,8.5 ,12.3 ,5.9 ,7.6 ,7.8 ,4 ,1.8 
A;LU;MEUR_KP_PRE;OBJ16,0 ,0 ,0 ,0 ,0 ,6.9 ,11.7 ,7.8 ,7.7 ,8.5 ,7.7 ,8 ,6.5 ,8.1 ,9.5 ,8.6 ,9.4 ,12.1 
A;LV;MEUR_KP_PRE;OBJ16,0 ,0 ,0 ,0 ,0.1 ,3.2 ,5.2 ,258.3 ,5.8 ,0.9 ,1.7 ,3.7 ,6 ,6.2 ,7 ,12.5 ,2 ,0.5 
A;MT;MEUR_KP_PRE;OBJ16,0 ,0 ,0 ,0 ,0 ,0 ,0.9 ,0.5 ,0.7 ,0.3 ,0.1 ,0.1 ,0.1 ,0.1 ,0.2 ,0.1 ,1.6 ,0.9 
A;NL;MEUR_KP_PRE;OBJ16,0 ,0 ,10.1 ,9.8 ,8.1 ,4.4 ,10.2 ,25 ,69.7 ,48.2 ,45.2 ,28.4 ,21.4 ,31.6 ,18.7 ,25.1 ,30.3 ,34.3 
A;PL;MEUR_KP_PRE;OBJ16,0 ,0 ,0 ,0 ,4.7 ,83.9 ,88.9 ,172.2 ,42.8 ,1.6 ,4.7 ,2.1 ,1.9 ,1.7 ,5.2 ,0 ,6.3 ,102.1 
A;PT;MEUR_KP_PRE;OBJ16,0 ,0 ,0 ,0 ,0 ,0.2 ,0.7 ,1.6 ,2.6 ,29.2 ,45.4 ,17.7 ,36.9 ,23.1 ,47 ,180.3 ,132.3 ,149 
A;RO;MEUR_KP_PRE;OBJ16,0 ,0 ,0 ,0 ,0 ,0 ,0 ,0 ,0 ,3.4 ,6 ,4.2 ,1.1 ,0.1 ,2.3 ,3.1 ,3 ,0.3 
A;SE;MEUR_KP_PRE;OBJ16,0 ,0 ,0 ,0 ,0 ,0 ,0 ,0 ,0.4 ,1.3 ,1.3 ,2.1 ,0.2 ,0.8 ,0 ,15.9 ,10.7 ,18.2 
A;SI;MEUR_KP_PRE;OBJ16,0 ,0 ,0 ,0 ,0 ,0 ,0 ,1.9 ,1.9 ,1.7 ,1.5 ,3 ,3 ,2.3 ,4.3 ,5.5 ,2.8 ,3.7 
A;SK;MEUR_KP_PRE;OBJ16,0 ,0 ,0 ,0 ,0 ,0 ,2.2 ,2.8 ,3.8 ,2.2 ,0.8 ,0.8 ,0.7 ,0 ,1.3 ,4.4 ,8.2 ,0 
A;UK;MEUR_KP_PRE;OBJ16,3.7 ,5.7 ,83.6 ,146.7 ,182.5 ,209.2 ,128 ,135 ,118 ,54.6 ,62.1 ,160.4 ,231.1 ,150.7 ,205.6 ,175.8 ,52.4 ,80.2 
A;AT;MEUR_KP_PRE;OBJ40,0 ,0 ,0 ,0 ,0 ,0 ,0 ,0 ,0 ,0 ,0 ,0 ,0 ,0 ,0 ,0 ,0 ,0 
A;BE;MEUR_KP_PRE;OBJ40,0 ,0 ,0 ,0 ,0 ,0 ,0 ,0 ,0 ,0 ,0 ,0 ,0 ,0 ,0 ,0 ,0 ,0 
A;BG;MEUR_KP_PRE;OBJ40,0 ,0 ,0 ,0 ,0 ,0 ,0 ,0 ,0 ,0 ,0 ,0 ,0 ,0 ,0 ,0 ,0 ,0 
A;CY;MEUR_KP_PRE;OBJ40,0 ,0 ,0 ,0 ,0 ,0 ,0 ,0 ,0 ,0 ,0 ,0 ,0 ,0 ,0 ,0 ,0 ,0 
A;CZ;MEUR_KP_PRE;OBJ40,0 ,0 ,0 ,0 ,0 ,0 ,0 ,0 ,0 ,0 ,0 ,0 ,0 ,0 ,0 ,0 ,0 ,0 
A;DE;MEUR_KP_PRE;OBJ40,0 ,0 ,0 ,0 ,0 ,0 ,0 ,0 ,0 ,0 ,0 ,0 ,0 ,0 ,0 ,0 ,0 ,29.2 
A;DK;MEUR_KP_PRE;OBJ40,0 ,0 ,0 ,0 ,0 ,0 ,0 ,0 ,0 ,0 ,0 ,0 ,0 ,0 ,0 ,0 ,0 ,0 
A;EE;MEUR_KP_PRE;OBJ40,0 ,0 ,0 ,0 ,0 ,0 ,0 ,0 ,0 ,0 ,0 ,0 ,0 ,0 ,0 ,0 ,0 ,0 
A;EL;MEUR_KP_PRE;OBJ40,0 ,0 ,0 ,0 ,0 ,0 ,0 ,0 ,0 ,0 ,0 ,0 ,0 ,0 ,0 ,0 ,0 ,0 
A;ES;MEUR_KP_PRE;OBJ40,0 ,0 ,0 ,0 ,0 ,0 ,0 ,0 ,0 ,0 ,0 ,0 ,0 ,0 ,0 ,0 ,0 ,0 
A;EU28;MEUR_KP_PRE;OBJ40,0 ,0 ,0 ,0 ,0 ,0 ,0 ,0 ,0 ,0 ,0 ,0 ,0 ,0 ,0 ,0 ,0 ,51.9 
A;FI;MEUR_KP_PRE;OBJ40,0 ,0 ,0 ,0 ,0 ,0 ,0 ,0 ,0 ,0 ,0 ,0 ,0 ,0 ,0 ,0 ,0 ,0 
A;FR;MEUR_KP_PRE;OBJ40,0 ,0 ,0 ,0 ,0 ,0 ,0 ,0 ,0 ,0 ,0 ,0 ,0 ,0 ,0 ,0 ,0 ,1.2 
A;HR;MEUR_KP_PRE;OBJ40,0 ,0 ,0 ,0 ,0 ,0 ,0 ,0 ,0 ,0 ,0 ,0 ,0 ,0 ,0 ,0 ,0 ,0 
A;HU;MEUR_KP_PRE;OBJ40,0 ,0 ,0 ,0 ,0 ,0 ,0 ,0 ,0 ,0 ,0 ,0 ,0 ,0 ,0 ,0 ,0 ,0 
A;IE;MEUR_KP_PRE;OBJ40,0 ,0 ,0 ,0 ,0 ,0 ,0 ,0 ,0 ,0 ,0 ,0 ,0 ,0 ,0 ,0 ,0 ,0 
A;IT;MEUR_KP_PRE;OBJ40,0 ,0 ,0 ,0 ,0 ,0 ,0 ,0 ,0 ,0 ,0 ,0 ,0 ,0 ,0 ,0 ,0 ,0 
A;LT;MEUR_KP_PRE;OBJ40,0 ,0 ,0 ,0 ,0 ,0 ,0 ,0 ,0 ,0 ,0 ,0 ,0 ,0 ,0 ,0 ,0 ,0 
A;LU;MEUR_KP_PRE;OBJ40,0 ,0 ,0 ,0 ,0 ,0 ,0 ,0 ,0 ,0 ,0 ,0 ,0 ,0 ,0 ,0 ,0 ,0 
A;LV;MEUR_KP_PRE;OBJ40,0 ,0 ,0 ,0 ,0 ,0 ,0 ,0 ,0 ,0 ,0 ,0 ,0 ,0 ,0 ,0 ,0 ,0.1 
A;MT;MEUR_KP_PRE;OBJ40,0 ,0 ,0 ,0 ,0 ,0 ,0 ,0 ,0 ,0 ,0 ,0 ,0 ,0 ,0 ,0 ,0 ,0 
A;NL;MEUR_KP_PRE;OBJ40,0 ,0 ,0 ,0 ,0 ,0 ,0 ,0 ,0 ,0 ,0 ,0 ,0 ,0 ,0 ,0 ,0 ,6.9 
A;PL;MEUR_KP_PRE;OBJ40,0 ,0 ,0 ,0 ,0 ,0 ,0 ,0 ,0 ,0 ,0 ,0 ,0 ,0 ,0 ,0 ,0 ,0 
A;PT;MEUR_KP_PRE;OBJ40,0 ,0 ,0 ,0 ,0 ,0 ,0 ,0 ,0 ,0 ,0 ,0 ,0 ,0 ,0 ,0 ,0 ,0 
A;RO;MEUR_KP_PRE;OBJ40,0 ,0 ,0 ,0 ,0 ,0 ,0 ,0 ,0 ,0 ,0 ,0 ,0 ,0 ,0 ,0 ,0 ,0 
A;SE;MEUR_KP_PRE;OBJ40,0 ,0 ,0 ,0 ,0 ,0 ,0 ,0 ,0 ,0 ,0 ,0 ,0 ,0 ,0 ,0 ,0 ,0 
A;SI;MEUR_KP_PRE;OBJ40,0 ,0 ,0 ,0 ,0 ,0 ,0 ,0 ,0 ,0 ,0 ,0 ,0 ,0 ,0 ,0 ,0 ,0.6 
A;SK;MEUR_KP_PRE;OBJ40,0 ,0 ,0 ,0 ,0 ,0 ,0 ,0 ,0 ,0 ,0 ,0 ,0 ,0 ,0 ,0 ,0 ,0 
A;UK;MEUR_KP_PRE;OBJ40,0 ,0 ,0 ,0 ,0 ,0 ,0 ,0 ,0 ,0 ,0 ,0 ,0 ,0 ,0 ,0 ,0 ,13.9 
A;AT;MEUR_KP_PRE;OBJ41,0 ,0 ,0 ,0 ,0 ,0 ,0 ,0 ,0 ,0 ,0 ,0 ,0 ,0 ,0 ,0 ,0 ,0 
A;BE;MEUR_KP_PRE;OBJ41,0 ,0 ,0 ,0 ,0 ,0 ,0 ,0 ,0 ,0 ,0 ,0 ,0 ,0 ,0 ,0 ,0 ,0 
A;BG;MEUR_KP_PRE;OBJ41,0 ,0 ,0 ,0 ,0 ,0 ,0 ,0 ,0 ,0 ,0 ,0 ,0 ,0 ,0 ,0 ,0 ,0 
A;CY;MEUR_KP_PRE;OBJ41,0 ,0 ,0 ,0 ,0 ,0 ,0 ,0 ,0 ,0 ,0 ,0 ,0 ,0 ,0 ,0 ,0 ,0 
A;CZ;MEUR_KP_PRE;OBJ41,0 ,0 ,0 ,0 ,0 ,0 ,0 ,0 ,0 ,0 ,0 ,0 ,0 ,0 ,0 ,0 ,0 ,0 
A;DE;MEUR_KP_PRE;OBJ41,0 ,0 ,0 ,0 ,0 ,0 ,0 ,0 ,0 ,0 ,0 ,0 ,0 ,0 ,0 ,0 ,0 ,0 
A;DK;MEUR_KP_PRE;OBJ41,0 ,0 ,0 ,0 ,0 ,0 ,0 ,0 ,0 ,0 ,0 ,0 ,0 ,0 ,0 ,0 ,0 ,0 
A;EE;MEUR_KP_PRE;OBJ41,0 ,0 ,0 ,0 ,0 ,0 ,0 ,0 ,0 ,0 ,0 ,0 ,0 ,0 ,0 ,0 ,0 ,0 
A;EL;MEUR_KP_PRE;OBJ41,0 ,0 ,0 ,0 ,0 ,0 ,0 ,0 ,0 ,0 ,0 ,0 ,0 ,0 ,0 ,0 ,0 ,0 
A;ES;MEUR_KP_PRE;OBJ41,0 ,0 ,0 ,0 ,0 ,0 ,0 ,0 ,0 ,0 ,0 ,0 ,0 ,0 ,0 ,0 ,0 ,0 
A;EU28;MEUR_KP_PRE;OBJ41,0 ,0 ,0 ,0 ,0 ,0 ,0 ,0 ,0 ,0 ,0 ,0 ,0 ,0 ,0 ,0 ,0 ,0 
A;FI;MEUR_KP_PRE;OBJ41,0 ,0 ,0 ,0 ,0 ,0 ,0 ,0 ,0 ,0 ,0 ,0 ,0 ,0 ,0 ,0 ,0 ,0 
A;FR;MEUR_KP_PRE;OBJ41,0 ,0 ,0 ,0 ,0 ,0 ,0 ,0 ,0 ,0 ,0 ,0 ,0 ,0 ,0 ,0 ,0 ,0 
A;HR;MEUR_KP_PRE;OBJ41,0 ,0 ,0 ,0 ,0 ,0 ,0 ,0 ,0 ,0 ,0 ,0 ,0 ,0 ,0 ,0 ,0 ,0 
A;HU;MEUR_KP_PRE;OBJ41,0 ,0 ,0 ,0 ,0 ,0 ,0 ,0 ,0 ,0 ,0 ,0 ,0 ,0 ,0 ,0 ,0 ,0 
A;IE;MEUR_KP_PRE;OBJ41,0 ,0 ,0 ,0 ,0 ,0 ,0 ,0 ,0 ,0 ,0 ,0 ,0 ,0 ,0 ,0 ,0 ,0 
A;IT;MEUR_KP_PRE;OBJ41,0 ,0 ,0 ,0 ,0 ,0 ,0 ,0 ,0 ,0 ,0 ,0 ,0 ,0 ,0 ,0 ,0 ,0 
A;LT;MEUR_KP_PRE;OBJ41,0 ,0 ,0 ,0 ,0 ,0 ,0 ,0 ,0 ,0 ,0 ,0 ,0 ,0 ,0 ,0 ,0 ,0 
A;LU;MEUR_KP_PRE;OBJ41,0 ,0 ,0 ,0 ,0 ,0 ,0 ,0 ,0 ,0 ,0 ,0 ,0 ,0 ,0 ,0 ,0 ,0 
A;LV;MEUR_KP_PRE;OBJ41,0 ,0 ,0 ,0 ,0 ,0 ,0 ,0 ,0 ,0 ,0 ,0 ,0 ,0 ,0 ,0 ,0 ,0 
A;MT;MEUR_KP_PRE;OBJ41,0 ,0 ,0 ,0 ,0 ,0 ,0 ,0 ,0 ,0 ,0 ,0 ,0 ,0 ,0 ,0 ,0 ,0 
A;NL;MEUR_KP_PRE;OBJ41,0 ,0 ,0 ,0 ,0 ,0 ,0 ,0 ,0 ,0 ,0 ,0 ,0 ,0 ,0 ,0 ,0 ,0 
A;PL;MEUR_KP_PRE;OBJ41,0 ,0 ,0 ,0 ,0 ,0 ,0 ,0 ,0 ,0 ,0 ,0 ,0 ,0 ,0 ,0 ,0 ,0 
A;PT;MEUR_KP_PRE;OBJ41,0 ,0 ,0 ,0 ,0 ,0 ,0 ,0 ,0 ,0 ,0 ,0 ,0 ,0 ,0 ,0 ,0 ,0 
A;RO;MEUR_KP_PRE;OBJ41,0 ,0 ,0 ,0 ,0 ,0 ,0 ,0 ,0 ,0 ,0 ,0 ,0 ,0 ,0 ,0 ,0 ,0 
A;SE;MEUR_KP_PRE;OBJ41,0 ,0 ,0 ,0 ,0 ,0 ,0 ,0 ,0 ,0 ,0 ,0 ,0 ,0 ,0 ,0 ,0 ,0 
A;SI;MEUR_KP_PRE;OBJ41,0 ,0 ,0 ,0 ,0 ,0 ,0 ,0 ,0 ,0 ,0 ,0 ,0 ,0 ,0 ,0 ,0 ,0 
A;SK;MEUR_KP_PRE;OBJ41,0 ,0 ,0 ,0 ,0 ,0 ,0 ,0 ,0 ,0 ,0 ,0 ,0 ,0 ,0 ,0 ,0 ,0 
A;UK;MEUR_KP_PRE;OBJ41,0 ,0 ,0 ,0 ,0 ,0 ,0 ,0 ,0 ,0 ,0 ,0 ,0 ,0 ,0 ,0 ,0 ,0 
A;AT;MEUR_KP_PRE;OBJ42,0 ,0 ,0 ,0 ,0 ,0 ,0 ,0 ,0 ,0 ,0 ,0 ,0 ,0 ,0 ,0 ,0 ,0 
A;BE;MEUR_KP_PRE;OBJ42,0 ,0 ,0 ,0 ,0 ,0 ,0 ,0 ,0 ,0 ,0 ,0 ,0 ,0 ,0 ,0 ,0 ,0 
A;BG;MEUR_KP_PRE;OBJ42,0 ,0 ,0 ,0 ,0 ,0 ,0 ,0 ,0 ,0 ,0 ,0 ,0 ,0 ,0 ,0 ,0 ,0 
A;CY;MEUR_KP_PRE;OBJ42,0 ,0 ,0 ,0 ,0 ,0 ,0 ,0 ,0 ,0 ,0 ,0 ,0 ,0 ,0 ,0 ,0 ,0 
A;CZ;MEUR_KP_PRE;OBJ42,0 ,0 ,0 ,0 ,0 ,0 ,0 ,0 ,0 ,0 ,0 ,0 ,0 ,0 ,0 ,0 ,0 ,0 
A;DE;MEUR_KP_PRE;OBJ42,0 ,0 ,0 ,0 ,0 ,0 ,0 ,0 ,0 ,0 ,0 ,0 ,0 ,0 ,0 ,0 ,0 ,0 
A;DK;MEUR_KP_PRE;OBJ42,0 ,0 ,0 ,0 ,0 ,0 ,0 ,0 ,0 ,0 ,0 ,0 ,0 ,0 ,0 ,0 ,0 ,0 
A;EE;MEUR_KP_PRE;OBJ42,0 ,0 ,0 ,0 ,0 ,0 ,0 ,0 ,0 ,0 ,0 ,0 ,0 ,0 ,0 ,0 ,0 ,0 
A;EL;MEUR_KP_PRE;OBJ42,0 ,0 ,0 ,0 ,0 ,0 ,0 ,0 ,0 ,0 ,0 ,0 ,0 ,0 ,0 ,0 ,0 ,0 
A;ES;MEUR_KP_PRE;OBJ42,0 ,0 ,0 ,0 ,0 ,0 ,0 ,0 ,0 ,0 ,0 ,0 ,0 ,0 ,0 ,0 ,0 ,0 
A;EU28;MEUR_KP_PRE;OBJ42,0 ,0 ,0 ,0 ,0 ,0 ,0 ,0 ,0 ,0 ,0 ,0 ,0 ,0 ,0 ,0 ,0 ,0 
A;FI;MEUR_KP_PRE;OBJ42,0 ,0 ,0 ,0 ,0 ,0 ,0 ,0 ,0 ,0 ,0 ,0 ,0 ,0 ,0 ,0 ,0 ,0 
A;FR;MEUR_KP_PRE;OBJ42,0 ,0 ,0 ,0 ,0 ,0 ,0 ,0 ,0 ,0 ,0 ,0 ,0 ,0 ,0 ,0 ,0 ,0 
A;HR;MEUR_KP_PRE;OBJ42,0 ,0 ,0 ,0 ,0 ,0 ,0 ,0 ,0 ,0 ,0 ,0 ,0 ,0 ,0 ,0 ,0 ,0 
A;HU;MEUR_KP_PRE;OBJ42,0 ,0 ,0 ,0 ,0 ,0 ,0 ,0 ,0 ,0 ,0 ,0 ,0 ,0 ,0 ,0 ,0 ,0 
A;IE;MEUR_KP_PRE;OBJ42,0 ,0 ,0 ,0 ,0 ,0 ,0 ,0 ,0 ,0 ,0 ,0 ,0 ,0 ,0 ,0 ,0 ,0 
A;IT;MEUR_KP_PRE;OBJ42,0 ,0 ,0 ,0 ,0 ,0 ,0 ,0 ,0 ,0 ,0 ,0 ,0 ,0 ,0 ,0 ,0 ,0 
A;LT;MEUR_KP_PRE;OBJ42,0 ,0 ,0 ,0 ,0 ,0 ,0 ,0 ,0 ,0 ,0 ,0 ,0 ,0 ,0 ,0 ,0 ,0 
A;LU;MEUR_KP_PRE;OBJ42,0 ,0 ,0 ,0 ,0 ,0 ,0 ,0 ,0 ,0 ,0 ,0 ,0 ,0 ,0 ,0 ,0 ,0 
A;LV;MEUR_KP_PRE;OBJ42,0 ,0 ,0 ,0 ,0 ,0 ,0 ,0 ,0 ,0 ,0 ,0 ,0 ,0 ,0 ,0 ,0 ,0 
A;MT;MEUR_KP_PRE;OBJ42,0 ,0 ,0 ,0 ,0 ,0 ,0 ,0 ,0 ,0 ,0 ,0 ,0 ,0 ,0 ,0 ,0 ,0 
A;NL;MEUR_KP_PRE;OBJ42,0 ,0 ,0 ,0 ,0 ,0 ,0 ,0 ,0 ,0 ,0 ,0 ,0 ,0 ,0 ,0 ,0 ,0 
A;PL;MEUR_KP_PRE;OBJ42,0 ,0 ,0 ,0 ,0 ,0 ,0 ,0 ,0 ,0 ,0 ,0 ,0 ,0 ,0 ,0 ,0 ,0 
A;PT;MEUR_KP_PRE;OBJ42,0 ,0 ,0 ,0 ,0 ,0 ,0 ,0 ,0 ,0 ,0 ,0 ,0 ,0 ,0 ,0 ,0 ,0 
A;RO;MEUR_KP_PRE;OBJ42,0 ,0 ,0 ,0 ,0 ,0 ,0 ,0 ,0 ,0 ,0 ,0 ,0 ,0 ,0 ,0 ,0 ,0 
A;SE;MEUR_KP_PRE;OBJ42,0 ,0 ,0 ,0 ,0 ,0 ,0 ,0 ,0 ,0 ,0 ,0 ,0 ,0 ,0 ,0 ,0 ,0 
A;SI;MEUR_KP_PRE;OBJ42,0 ,0 ,0 ,0 ,0 ,0 ,0 ,0 ,0 ,0 ,0 ,0 ,0 ,0 ,0 ,0 ,0 ,0 
A;SK;MEUR_KP_PRE;OBJ42,0 ,0 ,0 ,0 ,0 ,0 ,0 ,0 ,0 ,0 ,0 ,0 ,0 ,0 ,0 ,0 ,0 ,0 
A;UK;MEUR_KP_PRE;OBJ42,0 ,0 ,0 ,0 ,0 ,0 ,0 ,0 ,0 ,0 ,0 ,0 ,0 ,0 ,0 ,0 ,0 ,0 
A;AT;MEUR_KP_PRE;OTH,0 ,0 ,0 ,0 ,0 ,0 ,0 ,0 ,0 ,0 ,0 ,0 ,0 ,0 ,0 ,1.5 ,3 ,11.4 
A;BE;MEUR_KP_PRE;OTH,0 ,0 ,0 ,0 ,0 ,0 ,0 ,0 ,0 ,0 ,0 ,0 ,0 ,0 ,0 ,0 ,2.6 ,13 
A;BG;MEUR_KP_PRE;OTH,0 ,0 ,0 ,0 ,0 ,0 ,0 ,0 ,0 ,0 ,0 ,0 ,0 ,0 ,0 ,2.9 ,1.4 ,0.2 
A;CY;MEUR_KP_PRE;OTH,0 ,0 ,0 ,0 ,0 ,0 ,0 ,0 ,0 ,0 ,0 ,0 ,0 ,0 ,0 ,0 ,0 ,0 
A;CZ;MEUR_KP_PRE;OTH,0 ,0 ,0 ,0 ,0 ,0 ,0 ,0 ,0 ,0 ,0 ,0 ,0 ,0 ,2.8 ,7 ,3.6 ,3.3 
A;DE;MEUR_KP_PRE;OTH,0 ,0 ,0 ,0 ,0 ,0 ,0 ,0 ,0 ,110 ,120.8 ,100.7 ,99.1 ,170 ,91.3 ,130.2 ,227 ,267.5 
A;DK;MEUR_KP_PRE;OTH,0 ,0 ,0 ,0 ,0 ,0 ,0 ,0 ,0 ,0 ,0 ,0 ,0 ,0 ,0 ,3.8 ,8.7 ,0.9 
A;EE;MEUR_KP_PRE;OTH,0 ,0 ,0 ,0 ,0 ,0 ,0 ,0 ,0 ,0 ,0 ,0 ,0 ,0 ,0 ,3 ,6.1 ,9.6 
A;EL;MEUR_KP_PRE;OTH,0 ,0 ,0 ,0 ,0 ,0 ,0 ,0 ,0 ,0 ,0 ,0 ,0 ,0 ,0 ,0 ,0 ,0 
A;ES;MEUR_KP_PRE;OTH,0 ,0 ,0 ,0 ,0 ,0 ,0 ,0 ,0 ,0 ,0 ,0 ,0 ,0 ,0.4 ,2.7 ,14 ,37.3 
A;EU28;MEUR_KP_PRE;OTH,0 ,0 ,0 ,0 ,0 ,0 ,0 ,0 ,0 ,110 ,120.8 ,100.7 ,99.1 ,170 ,105 ,328.6 ,752.7 ,1726.9 
A;FI;MEUR_KP_PRE;OTH,0 ,0 ,0 ,0 ,0 ,0 ,0 ,0 ,0 ,0 ,0 ,0 ,0 ,0 ,0 ,0 ,0.9 ,12 
A;FR;MEUR_KP_PRE;OTH,0 ,0 ,0 ,0 ,0 ,0 ,0 ,0 ,0 ,0 ,0 ,0 ,0 ,0 ,0 ,8.2 ,21.3 ,12.6 
A;HR;MEUR_KP_PRE;OTH,0 ,0 ,0 ,0 ,0 ,0 ,0 ,0 ,0 ,0 ,0 ,0 ,0 ,0 ,0 ,0 ,0 ,0 
A;HU;MEUR_KP_PRE;OTH,0 ,0 ,0 ,0 ,0 ,0 ,0 ,0 ,0 ,0 ,0 ,0 ,0 ,0 ,0 ,140.5 ,345.6 ,614 
A;IE;MEUR_KP_PRE;OTH,0 ,0 ,0 ,0 ,0 ,0 ,0 ,0 ,0 ,0 ,0 ,0 ,0 ,0 ,0 ,0 ,0 ,0 
A;IT;MEUR_KP_PRE;OTH,0 ,0 ,0 ,0 ,0 ,0 ,0 ,0 ,0 ,0 ,0 ,0 ,0 ,0 ,6 ,5.4 ,10.3 ,51.6 
A;LT;MEUR_KP_PRE;OTH,0 ,0 ,0 ,0 ,0 ,0 ,0 ,0 ,0 ,0 ,0 ,0 ,0 ,0 ,0 ,0 ,0 ,5.5 
A;LU;MEUR_KP_PRE;OTH,0 ,0 ,0 ,0 ,0 ,0 ,0 ,0 ,0 ,0 ,0 ,0 ,0 ,0 ,0 ,0 ,0 ,0 
A;LV;MEUR_KP_PRE;OTH,0 ,0 ,0 ,0 ,0 ,0 ,0 ,0 ,0 ,0 ,0 ,0 ,0 ,0 ,0 ,0 ,0 ,0.7 
A;MT;MEUR_KP_PRE;OTH,0 ,0 ,0 ,0 ,0 ,0 ,0 ,0 ,0 ,0 ,0 ,0 ,0 ,0 ,0 ,0 ,0 ,0 
A;NL;MEUR_KP_PRE;OTH,0 ,0 ,0 ,0 ,0 ,0 ,0 ,0 ,0 ,0 ,0 ,0 ,0 ,0 ,0 ,13.3 ,10.7 ,42.9 
A;PL;MEUR_KP_PRE;OTH,0 ,0 ,0 ,0 ,0 ,0 ,0 ,0 ,0 ,0 ,0 ,0 ,0 ,0 ,0 ,0.2 ,73.7 ,559.4 
A;PT;MEUR_KP_PRE;OTH,0 ,0 ,0 ,0 ,0 ,0 ,0 ,0 ,0 ,0 ,0 ,0 ,0 ,0 ,0 ,0 ,0 ,0 
A;RO;MEUR_KP_PRE;OTH,0 ,0 ,0 ,0 ,0 ,0 ,0 ,0 ,0 ,0 ,0 ,0 ,0 ,0 ,0 ,0 ,0 ,0 
A;SE;MEUR_KP_PRE;OTH,0 ,0 ,0 ,0 ,0 ,0 ,0 ,0 ,0 ,0 ,0 ,0 ,0 ,0 ,3.6 ,7.5 ,20.6 ,73.6 
A;SI;MEUR_KP_PRE;OTH,0 ,0 ,0 ,0 ,0 ,0 ,0 ,0 ,0 ,0 ,0 ,0 ,0 ,0 ,0 ,0 ,0 ,0 
A;SK;MEUR_KP_PRE;OTH,0 ,0 ,0 ,0 ,0 ,0 ,0 ,0 ,0 ,0 ,0 ,0 ,0 ,0 ,0 ,0 ,0 ,1.5 
A;UK;MEUR_KP_PRE;OTH,0 ,0 ,0 ,0 ,0 ,0 ,0 ,0 ,0 ,0 ,0 ,0 ,0 ,0 ,0.7 ,2.5 ,3.1 ,9.9 
A;AT;MEUR_KP_PRE;TOTAL,0 ,0 ,77.9 ,83.2 ,39.8 ,109.3 ,124.5 ,165.4 ,293.9 ,430 ,302 ,767.7 ,772.7 ,672.1 ,395.7 ,910.3 ,950 ,910.9 
A;BE;MEUR_KP_PRE;TOTAL,0 ,0 ,22.8 ,17 ,91.6 ,123.1 ,118.1 ,141.1 ,219 ,689.2 ,720.1 ,550.7 ,410.4 ,463.6 ,830.1 ,760.3 ,908.5 ,1038 
A;BG;MEUR_KP_PRE;TOTAL,0 ,0 ,0 ,0 ,0 ,0 ,0 ,0.6 ,1.1 ,14.3 ,5.4 ,6.3 ,18.4 ,28.9 ,134.2 ,192.6 ,114.1 ,175.2 
A;CY;MEUR_KP_PRE;TOTAL,0 ,0 ,0 ,0 ,0 ,0.3 ,5 ,7 ,16.4 ,14.3 ,25.8 ,28.5 ,29.2 ,22 ,14.9 ,11.8 ,5.5 ,0.9 
A;CZ;MEUR_KP_PRE;TOTAL,0 ,0 ,30.9 ,34.3 ,38.3 ,62.5 ,78.3 ,203 ,474 ,362.8 ,436.3 ,759.4 ,911.7 ,1020.6 ,1018.1 ,1364 ,481.6 ,791 
A;DE;MEUR_KP_PRE;TOTAL,26.2 ,52.1 ,214.5 ,275.7 ,417.4 ,523.4 ,385.4 ,1798.5 ,3175.9 ,5945 ,4668.8 ,7567.5 ,8459.4 ,8724.3 ,8290.7 ,6873.9 ,7531.9 ,8191.5 
A;DK;MEUR_KP_PRE;TOTAL,0 ,8.1 ,4 ,0 ,0.2 ,0.7 ,1.1 ,7.4 ,9 ,40.7 ,168.8 ,284.7 ,348.3 ,384.1 ,354.6 ,1256.9 ,2479.4 ,2499.8 
A;EE;MEUR_KP_PRE;TOTAL,0 ,0 ,0 ,0 ,0 ,4.1 ,2.6 ,4.5 ,6.2 ,5.3 ,4 ,7.6 ,14.9 ,15.9 ,42.1 ,75.6 ,67.8 ,127 
A;EL;MEUR_KP_PRE;TOTAL,0 ,0 ,0 ,0 ,30.4 ,99.6 ,96.5 ,84 ,237.8 ,253.7 ,285.5 ,373.4 ,223.3 ,307.4 ,337.6 ,267.1 ,234.8 ,197.4 
A;ES;MEUR_KP_PRE;TOTAL,0 ,252.5 ,253 ,174.6 ,61 ,180.3 ,229.6 ,606.9 ,623.5 ,1296.7 ,978.9 ,777.7 ,532.4 ,512.5 ,1025.6 ,1174.1 ,1487.8 ,1592.8 
A;EU28;MEUR_KP_PRE;TOTAL,97.3 ,556.9 ,1015.5 ,1687 ,2460.6 ,2868.7 ,3266 ,6714.2 ,9846.7 ,13960.8 ,12944.4 ,17374.3 ,20650.9 ,21558.5 ,26111.8 ,29146.4 ,33937.5 ,41747.7 
A;FI;MEUR_KP_PRE;TOTAL,0 ,0 ,0 ,0 ,1 ,1.3 ,1.6 ,71.5 ,90.7 ,85.5 ,108.2 ,605.8 ,659.8 ,784.2 ,975.6 ,1203.9 ,1333.9 ,1400.5 
A;FR;MEUR_KP_PRE;TOTAL,0 ,0 ,5.5 ,7.3 ,10.9 ,3.2 ,59.9 ,301.7 ,488.9 ,690 ,536.9 ,595.3 ,675.9 ,921.2 ,2596.1 ,4895.6 ,5542.5 ,5767.2 
A;HR;MEUR_KP_PRE;TOTAL,0 ,0 ,0 ,0 ,0 ,0 ,0 ,0 ,0 ,0 ,0 ,0 ,0 ,15.8 ,100.6 ,67 ,187.3 ,360.5 
A;HU;MEUR_KP_PRE;TOTAL,0 ,0 ,0 ,0 ,7.9 ,26.2 ,105.2 ,281.8 ,976.9 ,562.6 ,436.8 ,360.3 ,349.9 ,346.8 ,835.2 ,794.2 ,1860.4 ,2736.6 
A;IE;MEUR_KP_PRE;TOTAL,0 ,7.5 ,7.7 ,11.3 ,29 ,53.2 ,98.1 ,180.5 ,165.6 ,90.1 ,116.2 ,92.3 ,101.9 ,431.2 ,129.2 ,176 ,173.6 ,201.4 
A;IT;MEUR_KP_PRE;TOTAL,67.3 ,222.1 ,244.2 ,771.7 ,1143.6 ,876.2 ,1010.5 ,955.2 ,1156.9 ,1539.4 ,1289.4 ,1163.3 ,1617.9 ,1112.6 ,1280 ,1499.8 ,1867.7 ,3055.6 
A;LT;MEUR_KP_PRE;TOTAL,0 ,0 ,0 ,0 ,0 ,1.7 ,7.5 ,22.4 ,27 ,38.8 ,53.3 ,76.4 ,85.9 ,64.9 ,42.5 ,219.7 ,311.5 ,401.6 
A;LU;MEUR_KP_PRE;TOTAL,0 ,0 ,0 ,0 ,0 ,6.9 ,11.7 ,7.8 ,7.7 ,40.3 ,48.9 ,64.7 ,50.4 ,110.3 ,67.9 ,63.3 ,61.6 ,47.2 
A;LV;MEUR_KP_PRE;TOTAL,0 ,0 ,0 ,0 ,0.1 ,3.2 ,5.2 ,264.6 ,10.5 ,9.6 ,13.5 ,21.8 ,32.3 ,36.7 ,177.6 ,139.6 ,96.6 ,70.7 
A;MT;MEUR_KP_PRE;TOTAL,0 ,0 ,0 ,0 ,0 ,0 ,1.2 ,2.1 ,1.2 ,12.9 ,15 ,27 ,25.8 ,22.2 ,32.3 ,30.2 ,24.9 ,45.1 
A;NL;MEUR_KP_PRE;TOTAL,0 ,0 ,10.1 ,9.8 ,8.1 ,5.1 ,55.5 ,102.8 ,134.6 ,68.3 ,69.4 ,116.5 ,137.3 ,132.3 ,196.7 ,295.8 ,387.1 ,592.6 
A;PL;MEUR_KP_PRE;TOTAL,0 ,0 ,0 ,0 ,108.2 ,410.7 ,561.5 ,737.3 ,985.6 ,995 ,1331.3 ,1015.4 ,1196.5 ,1385.7 ,2423.5 ,1394 ,2443.4 ,5337 
A;PT;MEUR_KP_PRE;TOTAL,0 ,0 ,12.3 ,24.4 ,79.1 ,26.7 ,8.8 ,25.1 ,48.9 ,103 ,230.7 ,181.8 ,283.6 ,210.7 ,472.7 ,688.5 ,568.6 ,731.3 
A;RO;MEUR_KP_PRE;TOTAL,0 ,0 ,0 ,0 ,0 ,0 ,0 ,1 ,31.9 ,43.3 ,78.4 ,116 ,91 ,120.4 ,336.6 ,473.4 ,346.2 ,234.2 
A;SE;MEUR_KP_PRE;TOTAL,0 ,0 ,3.1 ,2.8 ,0 ,4.6 ,4.9 ,68.6 ,54.5 ,54.7 ,76.5 ,645.9 ,2247.1 ,2306.6 ,2149.4 ,2192.1 ,2494.5 ,2319.1 
A;SI;MEUR_KP_PRE;TOTAL,0 ,0 ,0 ,0 ,0 ,0 ,0.7 ,14.2 ,78 ,106.3 ,110.6 ,154 ,195.2 ,181.9 ,233.1 ,169 ,149.1 ,181.2 
A;SK;MEUR_KP_PRE;TOTAL,0 ,0 ,0 ,0 ,0.1 ,0.9 ,3.7 ,8.2 ,13.3 ,38.5 ,57.3 ,47.2 ,61.2 ,69.5 ,132.9 ,277.8 ,218.1 ,85.4 
A;UK;MEUR_KP_PRE;TOTAL,3.7 ,14.7 ,129.4 ,274.9 ,393.9 ,345.5 ,289.1 ,651.3 ,517.9 ,430.5 ,776.2 ,967 ,1118.7 ,1153.8 ,1486.5 ,1679.9 ,1609.1 ,2656 
